1,2,3,4,5,6,7,8,9,10,11,12,13,14,15,16,17,18,19,20,21,22,23,24,25,26,27,28,29,30,31,32,33,34,35,36,37,38,39,40,y
-35.58114,163.35344,-17.86237,19.962143,-32.183823,-6.4225187,-6.055574,-7.2401314,-15.267984,-3.286782,-14.788784,2.97186,-11.960172,1.0419492,-9.624078,1.6476464,-4.433385,-0.33674705,-3.1424444,0.2473159,-1.8259999,1.4739026,-3.5482244,-0.12491848,-2.4317074,1.4666488,-1.4333516,1.0558339,-1.5393063,1.3208181,-1.752372,0.4089957,-0.9889671,0.9710359,-0.68819344,2.1385546,-0.14620484,1.2705011,-1.7541378,-0.22462645,1
-479.36682,76.08946,-16.183508,-20.713434,-20.821577,-8.846854,-11.004159,2.9636497,4.250468,4.5710163,-1.2140538,3.3508651,7.106771,6.6093216,2.0367978,4.1224623,3.6588328,4.409102,1.0487214,3.6310222,2.9353058,3.0649385,0.59552175,1.8580071,0.3189663,2.1167698,0.99896866,2.2283812,-0.7159639,-0.24464412,-1.457674,1.2590092,0.035302654,1.3492209,0.839146,1.9737033,0.686084,1.392265,0.53014964,2.1723278,1
-218.99684,94.67662,-83.51977,26.590256,-22.879194,25.715227,5.8749857,0.95257235,-15.385031,-12.2900505,7.4644465,0.8616559,-3.6526017,-17.99543,0.49312207,-5.635651,-3.2747433,2.5275533,0.028914435,-11.059529,-2.8380864,4.6928105,-9.68587,0.81386864,-5.356232,-4.323522,-1.1565547,-4.9232917,1.7694243,-1.1415894,-5.89346,0.7372621,0.23310094,-2.7862067,1.5101676,-1.3933785,-1.1632733,-3.488677,1.8687991,0.7713616,1
-35.56024,163.59233,-54.953472,7.175001,-14.188097,0.49652174,-15.122075,-6.3338494,-12.589488,-4.574087,-8.5269785,-2.5434585,-6.855833,-3.0499506,-7.7684517,-0.20605691,-4.5910273,2.1007173,-1.4848851,0.39588955,-3.9807427,-1.9149756,-4.732759,-0.96835476,-2.3272219,1.5945003,-0.98284996,-0.22652051,-3.1009152,-0.009238294,-2.233807,-0.39802364,-1.2775282,1.8082811,-3.1025233,0.21751958,-1.217685,0.90003544,-0.68128055,0.59773564,1
-107.4948,126.13529,-44.552822,12.459032,-28.295452,17.668823,-15.319936,21.622501,-13.361223,5.410988,-1.3063736,9.313302,-1.0395423,10.634882,-8.294067,3.3321576,0.21064027,4.53491,3.8554525,-1.3850505,2.0484247,0.9206506,-0.78088325,-2.1709268,0.73247963,1.8484193,-1.2345223,0.2581351,1.731413,-0.40129364,-0.81028783,0.759069,1.3968462,1.0503334,-1.58637,1.4411299,-1.6800703,2.905087,4.3662844,1.7052059,1
-162.82387,142.19908,4.101613,51.497772,-1.8319343,21.146667,3.7985241,9.456493,4.610153,5.3075147,7.5671844,4.191818,4.5328484,0.24302357,1.7357534,1.529026,1.3274875,0.88256454,-1.8387116,2.6292126,-0.2541548,1.8619171,-0.25730777,4.0845537,0.05252986,3.5928707,-3.5076895,2.1676257,-1.5844597,4.2681866,0.56596345,1.8131359,-4.0673485,0.1590811,0.70308036,2.0055034,2.2170577,2.5860543,0.7581083,0.10228823,1
-281.72568,102.80353,-6.6983376,-4.663267,-7.736099,-6.917302,0.18924947,4.4510527,0.61873776,3.882472,-0.9219045,2.2585573,-0.81117153,3.4201875,0.6210114,2.0966437,-1.3754013,3.6869073,-1.3834758,-0.43281788,-2.649392,1.433641,-2.319693,0.4193912,-2.2900224,1.2217976,-2.8393648,1.2448657,-0.194469,2.0444076,-1.6281769,2.4255886,-1.0431494,1.2039053,0.73095256,0.21374696,-2.0818164,1.2421577,-1.7069147,0.35816008,1
-318.9041,30.929375,-69.22845,26.810133,-38.226948,49.76732,9.968542,16.03769,-20.821423,-17.61734,-2.622244,5.440406,15.881796,-13.955281,3.672894,-4.5311317,3.0605135,3.2391086,10.938034,-10.939575,-9.118685,3.3167093,-7.1628227,2.9584699,-7.516239,-2.491677,-4.3441725,0.5826331,1.9805903,1.2338004,-1.224844,1.9402862,2.8723269,-2.416987,0.5493263,-5.0233784,-2.0991833,-6.704571,1.5248913,-2.793309,1
-222.81808,102.21596,-151.69855,17.841024,-22.279654,32.902996,32.070976,19.04735,-18.587023,-2.940533,10.588439,-7.255039,7.0597167,-12.684153,1.8320569,5.107716,5.882815,-4.666188,-2.052138,-9.355873,-4.5108857,17.124224,-6.5672956,-0.042499304,-2.2185485,-0.7373617,6.119315,-2.2898977,1.7079523,-3.3429828,-4.4195433,0.64420456,-0.4711326,-0.6408707,-1.0323181,-1.4295176,-0.13948199,-6.083555,-1.259917,-0.22331718,1
-282.18655,45.709743,-104.93236,21.192945,-23.603151,39.849922,12.856011,-0.018351573,-14.163862,-13.569975,6.763964,12.8924675,10.287016,-14.228997,0.77485436,-1.1426274,5.161246,3.5826197,4.977669,-8.759398,-14.205207,5.6313605,-3.0542488,-0.9541678,-1.2363766,-7.2781143,-6.0067616,0.9088769,1.4642161,7.3320975,-3.2004516,-6.931915,3.044031,-2.5664642,3.4054909,-3.0383024,-3.6426408,-8.781766,-4.9577246,4.78087,1
-312.9724,28.45455,-102.63294,23.51441,-31.521713,56.020126,3.004885,9.784996,-19.078527,-12.126958,26.925146,7.258089,-0.390782,-21.230833,11.279024,-2.4293666,5.2006793,11.307681,-10.663347,-16.116093,8.984161,12.975951,-11.811188,4.7520685,-10.982704,0.89793056,3.9869587,-2.3128033,5.574805,-18.073534,-0.17371705,9.404508,-3.3196192,-3.7991078,-3.2118056,-1.842424,-3.096683,6.13421,1.7610271,-10.075728,1
-28.002638,156.9339,-45.58475,11.574871,-29.567022,-2.5911853,-6.6980834,-5.2457495,-15.482823,-1.6234711,-11.041979,3.3862062,-12.364908,4.8449707,-7.2223635,3.1533601,-3.6635292,1.7837307,-1.8379946,-0.8179731,-3.9012778,0.32689324,-2.8957405,0.21733157,-1.9320433,0.52797717,-0.5034269,0.583376,-1.3378943,1.072338,-1.1478163,0.2801434,-2.2176409,-0.27952278,-1.3791337,-0.1656069,-2.5172832,0.073388666,-1.2584786,0.26112267,1
-90.061844,104.53195,-9.291707,9.953667,6.2022133,16.23893,-8.245687,-2.4032152,-1.6169875,5.4360747,2.1664593,15.594036,4.873944,4.415295,-1.5109123,-3.246705,-5.4746227,3.6462,-3.0553336,2.659341,0.8236342,6.161258,3.5524309,5.680637,-2.4407315,2.9623632,-7.192406,-3.4051692,-3.6282914,-0.59523255,-2.4080975,-0.10468606,-2.8847694,6.6228633,-0.39189148,4.52296,1.8201013,2.1829076,-0.48091096,2.4151523,1
-313.66257,19.357107,-84.389435,41.53514,-1.7011381,40.613674,-19.236418,4.7795134,0.22243072,5.200328,-8.016302,-12.63024,16.978386,-12.419673,8.7539,-1.9976766,2.5619116,-6.3796344,-7.249587,12.298996,-5.2415586,-8.954045,-1.5424168,2.6347733,-6.7538905,-3.376625,-4.2745514,1.3460624,2.7063065,-6.912489,0.5243769,5.825364,-2.8341205,-1.1832442,-0.26672804,-4.385236,-0.859569,-6.638148,2.9644291,-1.6188755,1
-174.86592,195.34639,-32.953438,-1.0729437,-27.82455,-5.00289,-7.099101,8.462259,5.4209294,-9.931765,-0.97645456,0.64010435,-0.24870272,-3.334427,4.3971744,-3.821563,-3.1437051,0.47381115,-4.223471,1.142515,-5.753502,1.6469721,-3.462391,2.873042,-2.5533218,1.0717361,-3.3612196,-1.5667437,-1.1928093,-1.9083326,-0.2289811,-1.2268561,0.65631896,0.15487993,-1.0814247,-0.9495217,-1.332571,-2.566059,-1.941,0.107082576,1
-134.5099,183.201,-47.574226,27.138245,7.9266467,-5.0961394,25.311367,11.954566,-9.615977,22.059225,-0.33015603,4.9888024,11.75863,0.74249953,-0.406227,10.709862,0.53186107,5.9713926,5.152925,-2.3584342,2.0326746,1.7584398,-2.3397968,5.7417107,1.3036785,-0.57163185,4.720847,1.8268082,-0.19190371,2.471432,-2.8189692,0.9300373,1.7585803,0.17940246,0.131392,2.6199703,-0.7854134,2.5872886,-0.32342303,0.10665781,1
-66.763596,135.16782,13.187893,22.915363,15.745045,6.8977265,6.3689556,21.848967,-0.84928775,3.537406,-1.9464532,5.089025,6.67579,0.6578508,-2.224334,6.316416,4.8529615,-0.973531,-0.62869143,2.7854505,-3.1860797,1.7848581,-2.1379578,3.2930825,1.9992424,0.16091225,1.0856205,1.5016545,-5.974007,-0.9806161,-3.1212194,0.63302624,-3.0079827,1.0845854,-0.43220124,2.5942667,-0.41674775,2.4924335,-2.959553,0.70890695,1
-315.1219,20.120916,-91.01848,43.981133,-31.039873,63.896935,3.4747298,1.253076,-31.645771,-15.100976,27.00021,10.358259,-10.31023,-23.28976,18.815046,-2.1035705,7.9604907,14.376735,-14.773549,-20.282179,21.29158,3.2912674,-15.027307,6.396572,-18.72478,6.692487,0.15541886,-0.46763644,5.2173567,-14.97898,7.7199726,11.591164,-4.2692323,-4.8673797,0.57394093,-4.014346,-1.1617408,3.907892,-4.646606,-10.472264,1
-36.884045,119.72803,-49.50924,25.991194,-39.14756,34.328697,-31.293837,9.705416,-33.424427,20.054539,-24.58405,11.690256,-13.93366,5.2547607,-10.63901,4.909383,-10.314846,4.310945,-5.5189767,-2.5042183,-0.52533346,-5.9336963,3.152066,-7.652112,4.572706,-8.067862,5.344655,-8.3745575,3.3286552,-7.608119,3.1155312,-5.7171736,2.1308827,-3.8228047,0.4530204,-4.062402,-1.1191156,-0.96171373,-3.3487813,-1.1085476,1
-169.59619,160.06847,12.084118,15.877432,12.375929,10.9360895,7.4600964,13.978524,11.356172,2.9774337,5.3711333,7.725435,8.762231,4.7758455,-2.1574938,9.17787,5.0885057,1.1788027,2.1510522,5.870789,-1.0501835,3.0358562,3.615677,2.6664147,-0.39426106,3.6185112,-0.26557127,3.5576947,2.1183252,1.7316575,-0.5660696,3.4935741,-2.4422226,0.6358197,-1.8633136,0.5639593,-0.40352106,3.4611306,-1.0117116,3.104819,1
-374.88705,28.04789,-70.55879,41.27124,2.7081218,39.042973,-17.261255,-16.982838,11.917639,17.861704,-6.6107683,-16.085005,15.69366,-4.2940483,-2.7817101,0.6692989,-4.3138704,10.164439,7.2427554,-17.108551,5.3139334,6.2528157,-7.9330716,-0.47571525,-6.3270955,4.6371484,-3.1043434,-3.4636214,-9.080779,-1.2407345,6.3804584,-12.672282,-1.8127381,-0.41186807,-3.0298293,-0.24369016,-5.454004,-4.5438952,4.1293926,-2.199062,1
-234.66275,43.104687,-137.36955,-0.6158216,-30.29014,59.57931,-6.825073,10.324998,11.67643,-3.7488356,-7.4274006,-3.3052862,8.030685,-10.791482,8.345791,-0.5864758,10.877052,-7.280167,-4.0147433,3.952788,-3.3828683,-2.1852949,-6.621539,-1.3913689,-4.6106954,2.8964217,-3.9328587,0.9992753,-5.695442,-4.062913,2.0361698,-4.2504873,-2.2325032,-4.5206394,-2.607954,-5.109716,0.84148854,-1.6840075,0.63061875,-3.542195,1
-235.00375,108.90668,-58.61602,13.897294,-13.021856,13.45119,-4.323635,1.6292329,-9.941896,-1.3117934,-2.9918354,-9.182737,5.743491,0.64933443,9.475675,-9.110889,-1.9988912,-3.878233,-1.0579882,2.699542,-7.3091006,-2.3214097,-6.627201,2.1199768,-1.5338768,0.7800529,1.5710021,-0.3778153,0.8927192,-5.35154,-0.98305285,-1.0949106,-0.026038412,-2.5232646,-3.3000607,-0.50550085,0.16449009,4.14922,3.432001,-0.46514806,1
-43.942997,139.31851,-3.5036004,14.170457,-6.364725,12.985729,-0.56677264,9.5528555,3.2745597,6.8976016,2.7362804,1.2138119,-2.0316544,10.815022,2.205091,1.4747897,2.624404,4.7032323,0.26579127,5.6161923,-1.9728345,1.6030532,-1.1250737,0.705314,-2.576845,3.9027946,-0.8428668,0.55023724,-3.2043753,1.1619284,-3.1705842,-0.25046414,-2.154794,1.962104,-2.0883396,0.78828704,-0.8554959,0.89072514,-1.6117676,0.7814461,1
-375.27252,24.070036,-96.11863,4.747441,-24.834732,50.902233,10.317093,-0.7171092,-23.778688,-9.33046,29.536894,8.796759,-8.77626,-19.99672,14.696497,3.9632864,9.564531,12.578897,-17.646597,-16.846449,15.600039,10.665979,-11.767503,2.410677,-15.7684145,3.463968,6.1992106,-4.140521,2.4806364,-19.812809,7.9132648,10.764673,-7.8617134,-3.905141,-2.9569676,-1.4712256,-3.7081273,9.199565,-2.289456,-11.558147,1
-416.35715,76.89823,17.064472,13.590669,9.5811405,14.48948,14.159571,17.602243,12.417317,11.196182,8.695452,9.674763,8.471535,7.637383,5.220846,5.3682876,4.176857,4.9406443,3.1808057,3.717362,2.7824368,4.2233496,3.3054333,3.53646,2.3469255,2.9433415,2.5272164,2.9652743,1.5796812,1.6423278,1.2398505,1.6148219,1.1993228,2.3225038,1.0788474,1.0260372,-0.12618585,0.4349401,0.24714902,1.0134119,1
-124.22318,180.88306,-16.25159,21.127691,-3.3214202,2.924716,-4.317518,2.097303,-0.74996156,2.1068738,3.019814,1.2811685,-11.526903,6.247159,-3.8799279,0.3374159,-4.365807,-0.075784154,-2.0772727,0.46378288,-1.0962055,2.1919997,-2.0236943,1.867093,-2.9231884,0.0148401195,0.14740916,2.0731761,-0.74457514,2.85164,-0.0450766,4.230668,-0.33408448,2.3096564,-1.0024279,1.6378134,-1.5065084,1.3277354,-0.27153012,2.7131252,1
-292.85278,17.451517,-101.7348,32.198704,-55.900475,39.003746,1.7921551,18.438913,-21.670372,-33.78895,-3.3903472,16.753748,21.986961,-21.086699,3.441803,-3.8066385,2.967937,5.5391874,25.459984,-1.8977503,-30.126396,1.8147116,0.57361645,0.049700376,1.0036236,-7.771035,-15.520472,0.80516315,-9.771297,17.619047,5.0917864,-22.18777,5.3524437,-6.812007,6.5599666,-3.3936584,3.2446835,-3.2747824,-17.868563,7.061927,1
-112.58579,124.818634,5.6117425,31.89018,22.842804,-7.118196,8.235796,17.081524,-5.9275208,7.5988584,-0.24784955,2.233072,-4.595642,10.026261,-2.0158422,7.7006574,-6.170151,7.735708,-3.6611288,3.3192267,-2.928193,2.717248,-2.536233,1.8144298,-1.8115807,0.98550516,-2.9649193,0.36845425,-2.0696433,2.1361432,-2.836991,-0.9327164,-1.3607937,1.1859989,-2.3614995,1.678223,-1.2614042,-0.6129628,-0.35560858,2.852916,1
-156.01727,241.90642,-109.78146,28.017729,24.143972,-42.88929,32.875942,-0.6821946,-24.948019,20.325388,-10.406439,-1.5407501,22.633463,-12.997921,-1.4336429,10.093406,-9.979387,7.003951,6.0131707,-4.746624,7.8967185,-2.630576,-3.4431005,6.557829,-7.192508,-1.4818888,5.9196053,-4.125099,2.506878,0.118392415,-6.957094,3.537836,-0.42841136,-2.7567809,5.7379236,-0.98931205,-0.75966275,4.2630095,-2.4160647,-0.2883624,1
-192.92159,141.71523,6.706647,25.728449,3.7181318,9.227235,-5.4040556,7.092832,-2.7639468,2.0608852,3.7298937,3.6021795,0.8215815,0.5758307,-0.8408176,1.3975183,1.3932221,4.3203573,-0.40803108,1.6342652,-0.09051452,0.16917694,-3.1692727,0.7398742,0.5084069,1.4157965,-0.16860548,0.2604587,-0.45642167,0.6066063,-1.2727227,1.1236686,0.0021560777,0.39329755,-1.1721088,1.4145275,1.6979729,1.8300525,-0.44764093,0.17138392,1
-115.26612,75.02316,-122.685524,59.0849,-43.710537,28.603546,-39.749146,19.992092,-20.220444,3.5185013,-12.841958,3.8487968,-2.7523346,-1.79398,3.5298266,-2.0664427,3.1093242,-4.716465,4.1271505,-4.8234205,5.14097,-4.084682,4.578731,-1.4136964,0.943949,0.17049208,0.19884476,-1.24598,1.1387116,0.0784794,-0.041124612,1.7929317,-0.75386345,0.6936982,-0.87239707,1.5488547,-1.7379091,2.6446104,-0.86179215,2.2557857,1
-280.03458,27.94496,-131.53609,22.302078,-23.61371,48.91506,16.874075,2.6147168,-21.380684,-15.169209,14.2373905,18.100782,6.549722,-21.10986,2.845036,-2.2119017,8.557218,6.1855035,1.3693517,-15.11989,-14.811854,10.622154,-3.5391192,-1.0138084,-3.772176,-8.576593,-6.2874084,1.5676914,8.125503,4.4666176,-10.699471,-3.6967404,5.9205585,-2.532132,2.1097553,-6.135543,-6.5523586,-10.487844,-0.1843731,5.344129,1
-37.15491,164.41927,-59.49835,6.1383677,-19.097792,0.32213956,-13.293762,-4.195541,-15.240167,-7.080681,-8.82707,-2.775368,-6.6174645,-2.2766204,-7.2744813,1.087199,-4.490065,0.9659109,-1.0008951,0.7920313,-2.6065018,-1.1540415,-4.8222866,-0.6223542,-1.60011,0.35949743,-1.006667,1.2101531,-2.0500767,0.25717506,-1.8073566,-0.14857142,-3.377727,-0.2596716,-2.9692607,1.8050609,0.38921782,1.6613406,-1.1776083,-0.2034576,1
-41.057213,116.1386,-42.79475,41.311073,-30.113674,31.37643,-5.042373,23.48392,-2.336592,0.76486063,12.345844,-0.2568305,6.204127,-7.5444303,4.7824135,1.999068,7.7837944,0.2314306,-3.1777592,7.831309,-0.40459502,2.3580983,-3.8424022,5.89433,-3.3976057,5.076584,-1.4412564,2.7706425,0.6085898,-0.62183136,4.6029987,-2.9839106,4.314489,1.2734636,3.6473484,0.2460725,1.2880636,3.2806187,-0.6645347,2.7341292,1
-411.8013,131.74901,3.7007558,13.405032,-11.404619,-4.514155,-12.60341,-8.65738,-8.953055,-6.969829,-5.455101,-1.8336407,-4.964941,-2.5508075,-3.3067186,-0.49280557,-4.0786877,-5.890228,-4.96291,-4.328598,-5.522161,-5.3993382,-5.1509094,-6.9930215,-6.138641,-2.991027,-3.2312717,-1.9033393,-2.1290069,-1.7322577,-3.365047,-0.92532665,-1.8853409,-1.1364762,-2.15249,-1.8945884,-1.912863,-1.4147574,-1.5146433,-0.33970416,1
-361.2866,53.489773,-77.34673,5.1815686,0.04568718,44.23162,-5.3463335,0.058958303,7.3073845,2.3402557,-0.14639176,-6.4310083,1.7792764,-1.9716547,2.4604182,-3.0868397,4.41059,-3.337509,5.072982,-0.35372713,-6.2623425,0.62361985,-6.0862017,0.070307165,-6.0941653,-0.40518835,-0.36988476,-0.8916775,-3.4031682,-6.34631,0.27496403,-2.8226929,-4.5818033,-5.3202085,-2.5907342,-2.6690629,-0.93394697,-5.5090947,-3.6505632,0.65808403,1
-274.22986,33.842724,-112.445984,28.253134,-58.94154,35.679596,-27.597935,-17.83073,-3.2444575,17.759493,17.414669,0.3368403,-11.247344,-27.361279,12.508392,1.4584621,4.793103,-13.568458,11.865115,19.26618,6.10695,-3.2673361,-19.86139,0.22149467,-7.2226996,2.39147,3.399079,3.6093051,-3.4640734,9.776986,8.707292,-18.195353,-10.550249,-2.7297878,5.5268908,4.452654,1.5761273,-10.58014,5.809071,4.518928,1
-35.427746,156.28897,-53.341858,2.3706427,-20.56131,-2.5722022,-12.086306,-5.418224,-13.673685,-2.3610497,-8.607081,-3.3385608,-5.515709,-0.84804404,-5.627828,1.0020806,-5.0739155,-0.555395,-2.732138,-0.07647777,-2.8724728,-1.1181955,-3.5740063,0.68864936,-3.4376569,1.1596918,-2.815958,1.8822964,-1.950181,0.10895732,-2.4012675,-0.12547988,-1.7037176,0.07143522,-1.240941,1.6563331,-0.692877,0.76496714,-2.46767,0.46226728,1
-238.66158,92.9869,-11.346611,11.957718,-20.40655,0.99064094,-9.98928,-6.0989814,-4.3686247,-10.347784,-1.0623808,-9.790504,-3.1330764,0.08114,-5.0742188,1.8469528,4.4571686,-2.8529797,7.977702,0.6752284,3.2661119,2.639851,2.812654,3.1837058,0.7065861,0.38915947,1.8310635,0.028010081,1.7301798,2.946233,-1.3607554,1.5973003,-1.7615839,1.4687388,1.0155953,1.6627426,-0.37298387,3.114077,-0.99142206,4.4820037,1
-157.07564,54.63367,4.2983055,9.48594,-7.9347677,8.116756,1.8007947,9.920288,0.32937258,4.0001545,-3.0435514,2.2566478,0.2935646,4.328233,-3.463531,-1.8652246,-3.2145844,0.7452241,-2.9659085,0.021032993,-3.0748684,1.2754893,-2.1762018,1.893408,-1.1120044,2.4400098,-0.8129169,1.2069913,-0.022574874,1.2876292,-1.5136826,0.5726572,-0.8509633,2.9460297,0.5240074,1.5862217,-2.0413926,0.9545081,-0.8382658,0.50645363,1
-155.31459,80.70819,-5.81829,17.826374,-7.239849,19.890862,-2.7161071,14.459014,-0.81086856,7.0651016,-0.9003802,7.704571,3.1157982,10.871758,-1.3058797,7.9675865,0.58127624,4.1443834,1.143664,2.1227074,1.0392792,1.8943357,4.7151566,1.8066361,1.7272706,1.7086813,2.10899,1.5558839,-0.45625326,0.5098207,0.0035166473,1.381672,0.29520682,2.7651856,0.6529999,2.3299537,0.48806328,3.3038476,-0.1240014,0.37888217,1
-312.77997,23.112564,-110.626144,19.594334,-40.33484,47.160374,13.684632,18.638214,-9.858346,-26.382725,-6.859969,19.851633,26.794111,-12.512002,2.7501106,-5.512442,-0.6609384,-2.5769768,22.147247,2.9943485,-31.296204,-5.0691667,0.118562564,0.93286437,2.2810495,-1.1962618,-11.632484,-0.08814629,-10.381496,13.295899,19.619684,-16.688435,-2.0895793,-4.664252,2.1176295,0.119000636,0.120033525,0.7647874,-18.257141,-4.347594,1
-52.715294,164.93619,-45.73508,13.040411,-11.214357,-0.26781237,-9.7037525,-1.0240506,-6.6527243,-1.850418,-7.056264,-1.2446187,-5.4849586,0.23137006,-7.789126,0.84016716,-4.1325016,1.6063275,-3.3122892,-0.7114032,-3.534242,-0.7518892,-3.953716,0.62411654,-4.433372,1.9790572,-0.7566341,2.7002895,-2.1628816,1.6705867,-2.1984177,0.04304109,-3.2520847,1.0771843,-2.7923667,1.6513555,-2.7270854,1.0857301,-1.7085059,1.1089659,1
-19.924803,139.58249,-43.181934,4.4156375,-30.126755,-6.8235736,-8.168281,-5.7079444,-17.597359,-1.3133256,-12.134452,2.3333247,-13.927626,4.832156,-7.9913845,2.9968696,-2.8923566,1.864631,-2.0305693,1.176808,-3.5564983,-0.21463291,-3.989597,0.89040226,-1.9846505,0.69216484,-1.2781708,0.32478157,-1.7465613,1.6496022,-2.2494397,-0.7694401,-3.0793476,0.31418696,-1.4223537,-0.7030789,-3.126661,-0.2033714,-1.1517295,1.0223851,1
-220.16644,129.67604,-6.7830434,-1.2525566,-6.161352,-6.5205665,-0.25251633,8.3946495,2.8061395,7.632049,0.120745234,3.172351,0.509492,7.6655583,1.679861,0.25107476,0.43244693,5.239187,0.6072426,2.4694176,1.8829179,3.9921927,-1.1859258,0.35774708,-1.4052999,3.955168,-0.02952272,2.1699843,-1.0848827,0.39291307,-1.5236516,1.2441691,-1.2841527,1.5098222,0.9471377,-0.38134274,-0.38835272,2.6386526,-1.5933931,2.425444,1
-94.74965,135.01273,-36.968727,40.64011,-22.631266,32.8981,-2.8193274,24.971588,1.369088,-1.1091005,13.1487055,-3.0468576,8.231799,-8.690183,4.4744406,5.434863,9.063754,-1.6311072,-3.7034714,7.6643224,0.8591366,1.5002036,-3.068707,4.8459997,-3.7111526,2.1597195,-1.5380586,1.4702348,1.3581756,1.2563907,5.4933934,-2.8487825,2.8839564,-0.3468801,5.425619,1.0565675,-0.116648875,2.8006718,-0.29528973,3.1830575,1
-135.96382,158.93822,3.835382,33.061184,5.1531754,13.7877655,10.620954,9.526302,6.020257,9.562811,-2.40917,4.2182693,2.0379841,7.0739455,-1.3289447,3.4409642,2.2126741,2.431206,-2.9642158,2.7539134,-2.8400018,2.7238412,-0.7472356,1.4570681,-0.9145089,-0.28498524,-1.7057143,2.0039504,-3.1411073,1.9240198,-1.7207563,-0.771138,0.06128511,0.43562207,-1.7703667,1.9274998,-1.527285,0.8311827,-1.3988589,0.776058,1
-429.8524,158.94632,-1.2188432,6.830053,1.0103347,-7.8613806,-9.841307,-4.8363075,-4.2450485,-1.0709699,0.099602826,1.4022752,-0.13460211,-2.0164638,-5.282799,-8.771067,-10.61355,-7.4022117,-5.7371564,-4.5328565,-2.4825213,0.13521948,-0.9152069,-1.8692492,-4.0107026,-5.5261602,-5.7801347,-4.667772,-5.475801,-4.692995,-3.1724498,-1.1702185,-1.0505503,0.24138477,-0.17605256,-0.47428486,-3.2313883,-4.6634574,-5.15873,-3.5366232,1
-174.46313,137.78485,-73.75935,36.574123,-19.099836,3.5560274,-4.3662186,6.2789984,1.6080858,9.326613,11.485122,-5.85498,6.3857613,-2.7407923,-1.8586123,-8.765025,-0.3494007,0.7563457,3.3816555,5.4173903,2.5240405,2.7323532,-2.4330616,0.79094917,-5.7742176,-0.6700931,1.7192588,1.2650918,-2.0656762,-1.7496783,2.50745,-1.0241003,-1.4822716,-4.287422,-0.8187682,-1.5080632,-0.5644786,-0.22443181,0.47570086,3.0991673,1
-323.411,28.534077,-83.678314,36.535645,-41.808212,65.96645,10.033488,14.467353,-31.145327,-20.183468,8.691412,14.075452,13.186129,-25.391138,6.108898,-3.0795252,4.326065,9.431609,12.618275,-23.529387,-8.916872,12.354294,-11.082033,6.4149504,-8.676436,-8.046252,-2.9141135,1.8058556,2.2350821,3.6158051,-3.2962508,-0.4593067,4.384764,-2.8814855,2.9412584,-4.9092607,-1.1171665,-6.716281,-0.8707088,-1.3726565,1
-402.39664,70.818016,-14.130068,25.224796,6.1474347,20.832504,-2.797866,0.32547104,-3.2446742,-0.32192189,-4.360365,-5.673876,7.743742,-3.5836554,3.0667,-0.2639675,1.6689394,-1.0692526,-2.6167543,3.5033748,-4.521386,-6.1532702,-1.5412257,1.0630289,-2.5197191,-2.8511372,-3.3007953,-0.013229053,1.7815683,-0.7047856,2.0822,3.404814,-0.90951985,-1.0933743,-1.5434791,-3.9482465,-2.9120536,-5.347341,-1.394376,-1.8208493,1
-77.555016,91.51516,12.459283,12.895996,-7.1879687,20.541159,6.6374235,6.632674,-3.8111253,13.034695,-2.0275822,8.50325,-0.4374433,5.530503,1.5817851,0.8123715,1.8875073,1.345507,1.8925726,2.1605384,-0.81106085,4.2621126,-2.1949277,5.6495013,0.2180411,2.570089,-4.8514786,3.9110398,-2.9797652,5.9097705,-0.36026856,6.8713555,-0.57579505,4.2912416,-0.49188736,1.3512731,-0.9390687,1.3598658,2.1288273,1.5334923,1
-71.79694,138.10551,-30.432194,50.859737,22.991333,3.9146428,0.75714564,16.385548,-3.7021964,5.031352,1.5102255,0.7147624,-2.6660259,7.303871,-1.4462447,0.9326787,-0.11223227,4.646705,-2.5883558,1.3662006,-0.3880447,0.98561406,-0.97425044,1.9473308,-0.26295266,0.87804323,-0.52579355,3.858349,-0.6396973,1.3471783,-0.8368649,0.7051045,-2.3009298,1.6794474,-0.57485586,1.506474,-1.2785271,1.0788922,-0.8071258,1.7667236,1
-93.053665,150.0871,8.519941,4.3768764,8.267773,-6.822294,13.486689,0.29427037,4.9059606,3.2828867,-3.0944655,9.696435,-3.01449,5.5246186,-2.7941482,-0.3924688,4.587288,-0.4159988,4.656405,3.191299,0.29474917,4.8932633,-2.5551968,6.3155484,-4.877033,2.4286327,-0.38186917,0.76694584,0.55325264,0.5707201,1.7380778,1.7737019,-0.7057158,5.266054,-0.40098763,4.0023484,-1.4768329,4.1344647,1.1339904,1.6127762,1
-195.80647,37.67479,-165.95793,64.96511,-25.827477,50.06702,18.035631,0.27391836,-10.925047,2.8009079,13.250566,-10.919149,8.11263,-8.044548,-6.368716,1.6115878,10.661205,-9.900492,-1.1915221,-2.6118145,-1.1896788,9.0610695,-7.1007786,-5.4645386,-5.317747,6.285883,-5.605201,0.5699935,7.277013,1.5108515,-1.5173753,-5.051648,0.13998762,-3.494755,3.5124104,-0.99075127,-0.62274855,-1.3006887,-2.4357383,-1.3614343,1
-36.60146,66.08152,-7.0509753,60.199078,-10.927409,26.176003,3.254718,3.0511804,4.420359,1.5895505,3.0930312,3.0076435,3.0887504,1.2003849,6.5473614,1.3262771,1.8864837,4.8320107,-2.4548073,7.766971,-3.016242,7.613316,-3.5494719,4.9551167,-3.246913,3.5316372,-3.4853098,4.109335,0.2682339,1.4021403,3.102668,1.4377377,1.1275142,0.40159482,0.9608331,-0.7583045,-1.4019473,2.2071676,-1.1595525,1.4551982,1
-109.90967,89.12544,-135.25674,55.02216,-40.552994,16.484573,-30.18382,6.489021,-15.131772,-4.557486,-13.296399,1.6369882,-1.2934712,1.9671063,2.6755276,2.1649415,0.7492565,-3.5502012,3.2464108,-4.8230214,5.2118425,-6.270066,6.505127,-0.9762074,1.5375218,0.5186693,0.92510706,0.7181323,-0.15399006,1.1324595,-1.306978,4.275297,-3.7088861,3.4005384,-2.6009018,3.3069067,-2.010052,2.0379696,0.12406298,0.20959784,1
-62.641727,182.29707,-38.25344,10.787259,-16.573366,-6.755427,-13.119351,-0.17786019,-6.9739404,-5.646571,-10.131505,-1.8889015,-4.357871,0.15962408,-8.997176,1.1837727,-2.6189263,0.16550604,-2.8779538,-0.08208426,-4.334464,-2.3937387,-3.3491395,-0.19581783,-2.5661576,0.7758692,-1.784785,-0.39689294,-2.0337377,0.40008464,-0.9202327,0.80237037,-1.6706451,0.95552003,-2.9031236,0.94987166,-1.9261836,1.0718589,-1.5196942,0.98015785,1
-62.226624,100.47286,3.5104678,49.14548,-6.9870296,23.54294,6.952454,7.439118,9.382456,8.491629,5.051191,5.4831343,6.8381634,7.525875,3.8483691,2.314962,1.6842853,4.5158834,-0.6791629,4.9642024,-0.61865014,5.510881,-2.8533666,6.576441,-1.4436573,5.4113503,-1.4522346,2.6565301,-0.1778763,2.2361765,-1.0177372,0.62737423,1.2997915,0.8997072,0.28972986,0.5804887,0.023376992,3.1378303,-0.9311743,2.444378,1
-208.17137,23.867064,-41.408195,-4.224897,-13.596305,1.7354575,-6.031483,4.5539427,-3.123729,4.787563,-3.9064946,4.258676,-2.6348906,1.8246785,-2.0796003,2.4134302,-1.0790825,3.2194152,-3.0965617,1.8876939,-3.2335768,1.9579995,-1.8079417,1.6293968,-0.99574584,1.7758592,-1.1422242,2.68714,-2.223445,2.731039,-2.3582652,1.9612246,-1.4232919,2.4543338,-0.59590024,2.4869373,-1.2169441,1.8769019,-0.8454263,2.589951,0
-378.9036,73.15754,28.672766,28.845596,16.117512,13.308796,5.2452826,22.246449,6.8107276,24.553637,-0.9686436,6.9607825,-0.6336128,7.6082954,2.9059029,-0.35570088,-2.6825044,4.308555,-6.1269126,-7.045366,-3.69121,2.8552742,0.122968614,9.082434,4.8082476,5.1630387,-3.6159382,3.3533204,-3.8737967,-4.999107,-16.635983,-5.5371933,-4.233421,2.8751755,-3.6658847,-0.5441218,-3.5056856,2.2220418,-8.721304,-5.838356,0
-306.66196,92.84451,13.115792,-0.34490964,0.7593574,8.993608,-5.5631347,0.43908605,7.1344624,9.343496,5.021305,6.967891,0.3605015,8.920968,3.9203663,7.6720414,-1.1972147,2.8103876,-2.559553,3.3588002,2.067568,8.151962,2.408107,5.189255,2.8068945,4.6070075,-2.3536556,2.8731132,-0.9607685,4.4260993,-0.401444,-0.51434785,-6.246949,-0.25376844,-4.784507,0.06749561,-1.9764987,0.0021155386,-2.44434,0.35795137,0
-230.49219,208.37169,8.142571,-9.621955,-2.4015791,7.428629,-8.327746,-10.496494,-6.9679236,-1.479807,-5.2706676,5.7106514,7.8541374,12.038856,3.873248,1.443428,-6.105294,-2.634837,-6.608246,-4.9384184,-6.7099876,-1.6030436,-2.257391,4.014243,2.8275578,5.98187,-0.002218211,0.9912518,-2.2215285,-0.5867832,-4.3520427,-1.5414063,-3.42092,0.10033249,-2.6847367,0.88588387,-1.4120113,0.9954403,-1.9156905,0.24348186,0
-234.57288,126.76632,0.81264126,28.71335,-3.2999637,12.215868,1.7891314,6.5166354,-10.529109,1.4679357,-2.4738717,8.879555,0.91495264,2.865827,-3.902811,0.11656809,0.34641683,5.9153194,0.3715376,5.112719,0.26562566,2.6231713,-0.8735326,-1.0936627,-5.310578,3.3022316,-2.6597416,2.9483004,-1.4522786,-1.2858561,-2.0380604,0.7869859,-3.2526,1.7954692,-1.3599098,1.8157808,-1.5042213,2.169957,-2.118802,0.32248312,0
-153.85992,175.973,-23.544388,32.32099,11.60194,18.059649,-6.6482015,4.40049,6.1815834,8.244638,2.6006958,0.15553589,-5.596368,1.850524,0.7543767,6.5890236,0.19457608,5.065659,3.12857,6.3693614,4.0478296,6.5330696,2.1498435,4.3630166,2.204456,3.1885104,0.31913608,1.5643858,-2.4552042,0.6190499,-1.526591,0.8515865,-1.9510156,0.1688959,-1.4440706,1.1229854,-0.6987097,2.214099,0.09182237,2.449827,0
-206.7942,26.003956,-38.337925,-2.4621067,-11.309141,4.93194,-3.326964,7.2351522,-0.80475855,6.7333307,-2.0468874,5.632833,-2.5558898,2.088144,-1.2948058,3.4324465,-0.8616212,3.078313,-3.3307643,2.4425304,-3.3587148,1.3897623,-1.9656782,1.1518127,-1.0355308,1.4973726,-1.9295014,2.1671813,-2.7318416,2.2314456,-3.0056577,1.4081182,-2.3018615,1.7636809,-1.2127107,1.903158,-1.5885451,1.4420332,-1.8872243,1.48843,0
-384.85782,161.24103,-2.1908033,36.18957,6.3026166,7.8688016,12.897508,-2.5703757,3.115692,6.4850345,-0.12268738,3.7782714,-3.0775373,-0.08719157,4.5106764,-1.5759674,0.5134454,0.22830445,1.1237345,4.1935773,-3.7072985,2.1349702,-2.974472,-0.8038659,0.40427324,-5.5235744,-2.509284,-6.380823,-4.5050836,-0.44057953,-4.159905,-0.20713557,-3.3859968,-2.368951,-0.59628445,-2.062636,1.9482615,-2.2095947,0.45204014,0.9368736,0
-34.389217,129.2329,-23.431444,20.001043,3.0032017,19.258028,5.7044253,9.869523,8.565938,15.354766,7.0324135,10.368749,0.8177564,4.4591875,1.7872429,5.9933305,0.10239149,1.8937335,-9.969466,-5.742879,-3.9550211,-1.8394159,-1.4430412,2.966081,-0.7187865,1.7555871,-1.1852832,3.9334965,-3.503677,6.040331,2.5054114,4.3756485,-2.5228913,0.6240004,-0.8829139,1.2082272,-0.13495421,6.5293612,3.6214697,4.1510053,0
-185.05667,183.28543,9.2969675,16.475363,9.667908,19.15642,-13.181278,-10.538319,-7.7067237,5.6712465,-1.217359,-6.177403,-9.282045,-1.2135546,1.6916357,14.058721,8.356831,3.7230866,-6.9120483,-0.47204167,-4.1035814,-3.1800833,-11.059424,-2.9805555,-2.5676641,-2.3212962,-6.941607,4.6906486,1.7750555,-1.8411287,-1.9538686,1.5258791,-2.9452353,-0.0102318125,0.9860349,-2.4831173,-3.9684918,2.0509632,-4.3056703,-1.3521816,0
-101.767975,131.2219,-12.948373,40.412327,-12.006949,-10.983555,-16.728294,17.000607,-0.6805082,-10.627613,-1.7789233,7.992032,-12.039071,3.520848,21.265432,27.897533,16.458838,24.94327,16.585173,0.64254516,-9.737237,-1.4208268,-1.5166748,-2.4310236,-7.0819817,0.6027126,-3.9499311,-3.3292062,-3.6711466,-1.5825624,-6.3978643,2.9837902,8.825034,8.126671,3.9822571,3.525586,3.5123165,-0.15973923,-3.7320693,-0.048196368,0
-301.09143,101.97235,20.237381,40.96765,15.213515,5.368906,8.714908,0.781262,-1.0701647,-3.7613254,1.2212033,0.08594489,1.2296858,5.6733203,-0.05712553,-2.9507985,2.8553712,2.2837625,1.4963965,1.602293,0.932384,3.5822308,0.7641853,2.0871456,-2.3213205,1.5723557,2.6629505,2.324845,1.8821923,1.7195684,-2.3603961,4.433763,3.387659,6.6160946,4.4447794,5.570392,3.6196964,2.683756,3.9207194,5.6150684,0
-107.61799,47.67825,15.1748085,20.800695,-0.15430415,14.758675,5.007727,7.0209994,-0.772075,3.9055142,-1.3050383,4.7927313,-1.0740919,2.0186002,-1.7924539,2.3798954,-0.8392653,0.934459,-1.9832425,1.0568601,-3.0184886,0.3183923,-1.7597553,0.9918452,-2.961018,-0.50541925,-2.9739842,-0.50087124,-3.1972837,0.3671976,-2.9126413,0.26463664,-3.2911336,-0.2153551,-2.881716,0.53240955,-2.4580312,0.7896083,-2.7509778,0.51856124,0
-121.59648,161.95007,-30.987186,27.312908,5.903814,17.08845,9.676168,12.057565,7.6356783,12.327746,-0.74435276,10.365068,3.8063407,2.9602382,2.2074459,5.361902,0.3654505,4.112705,3.1122315,4.7619066,3.2499003,5.9171705,2.4987028,4.210927,6.1915536,5.7232356,5.0899277,7.0046372,4.8560762,6.287658,1.6846197,2.6913936,1.0218856,2.5921698,1.3885604,3.8339946,3.7034225,3.0873005,2.135825,3.3215444,0
-298.4848,76.00696,7.0731597,27.824083,19.261559,0.6531209,6.238886,3.2174273,1.4093173,-1.7012341,-2.4483886,9.440439,0.62044007,10.229025,-1.381166,0.39439267,0.50595176,-1.7831205,-4.864854,-0.18217973,0.99673134,-0.26212272,4.212376,3.6333807,-0.6475627,3.2003953,-2.1119924,-0.7829244,1.8979567,1.6006784,3.9558237,7.1112204,5.2397757,7.953849,5.7961674,7.024441,3.596429,4.607046,1.1092764,2.315258,0
-105.28997,52.723656,16.835606,21.747536,-1.646596,13.550543,3.1121426,5.260125,-1.2795992,5.7682304,-0.9448532,4.7956815,-0.58723724,2.3313215,-2.3972502,2.0023384,-1.2660991,0.691428,-1.8048986,0.8837169,-3.3749585,0.14750668,-2.376586,0.29490605,-2.4761255,0.2349496,-2.450167,-0.4810053,-3.3318906,-0.13757874,-2.570517,-0.16167396,-3.8964126,0.18292491,-3.0310323,0.46600434,-2.8184657,0.8468274,-2.348047,0.056514617,0
-280.49286,107.39537,-11.003023,42.404285,23.487467,-1.9447722,4.49434,-18.727535,-8.817059,4.8436556,-8.99489,4.6789203,3.6719422,5.099389,1.6459029,-1.1253358,-8.219067,4.9569035,-2.2419467,0.051348686,-1.5308077,2.040258,-8.674156,2.7770553,-2.3516726,-3.0919561,-1.8159451,3.2763643,-4.724244,-0.8438674,-0.50219387,4.0283556,-1.7651751,1.1809403,0.14743024,-1.6479945,-3.8603039,0.7159046,-1.5240803,1.0033078,0
21.1505,46.541378,-34.26157,21.260561,-14.72876,12.409017,-4.9402366,13.160396,-2.376834,10.505285,-1.5675937,9.426209,-1.0812593,6.5238385,-1.5229102,7.3298345,-1.0202773,4.3934054,-1.9124528,4.64159,-2.2387745,3.2452257,-1.2611971,2.9856806,-2.2717743,2.057306,-2.2490613,1.6585937,-2.4538808,2.6744864,-1.1835481,2.9403884,-0.82754415,2.3980846,-1.7088948,1.986057,-2.5064993,1.3197447,-1.7202538,1.9565712,0
-329.94135,113.340195,24.064718,25.546057,22.383009,8.406258,-4.9685802,1.4390905,-4.860516,-6.8443193,5.731478,1.5582627,-6.2320232,9.720664,-1.9886477,6.063624,-7.8874106,-2.9593954,0.5771022,-4.347775,-2.8306859,2.8520076,-3.1567967,1.8168918,-3.7531729,2.4625123,-4.649361,-3.0762002,-4.5993447,2.2236667,-1.8835356,0.59405655,-2.1626785,-1.0761207,-1.0211976,0.42560032,-4.5700855,-0.27991018,-2.8584473,0.6990046,0
-310.38327,112.17927,-11.46999,49.805546,22.734715,-2.6501849,2.258733,-17.390839,-4.4999275,4.746751,-4.7176685,3.6406069,7.39469,2.467158,-4.145044,-1.6723492,-2.883787,4.7543106,-3.9265137,1.2025614,-1.6409248,-0.29740825,-6.952159,4.0917535,-3.5422235,-6.802372,2.4412117,0.44855592,-2.651088,-0.5459723,-0.008285619,4.0417624,-4.445644,1.9402084,-0.14292566,-2.4293368,-1.5310223,0.53000706,-4.576255,1.8978807,0
-181.07487,7.8134556,-30.272144,-0.7498367,0.54747623,3.3149629,-1.3846105,3.374342,0.9504991,5.4343066,0.6301577,4.156081,0.36846825,3.8502202,-0.44937018,3.5505843,-1.2775683,2.5550914,-1.1035299,3.1036518,-1.343336,2.5925703,-1.4088073,2.7818227,-0.44409963,3.312459,-0.06655174,3.1902177,-0.3967651,3.1054814,-0.39889586,2.250664,-1.8083761,1.7061038,-1.3827232,1.731211,-1.7260077,0.9585605,-2.0080342,1.4853004,0
-171.67964,63.847656,7.2795177,27.494066,11.96417,16.076403,9.511666,9.692211,5.180812,6.7030325,3.403666,2.683587,-6.5997176,1.0311519,-3.4838307,5.459922,1.6721568,0.504774,-3.0342095,2.0945349,-3.1766393,8.892606,-6.1870866,2.2955456,-3.2205272,-2.561019,-5.369519,1.2443111,-1.1963775,3.4767702,-1.0309167,1.3707796,1.2893847,-0.883639,-3.3999221,1.8743637,2.1408045,2.7036781,-2.874545,-2.4621458,0
-346.68143,197.92992,15.337288,-12.491027,19.9764,19.89048,7.0361185,-2.7596312,-0.39428675,6.5788097,3.1849043,0.93368423,2.9249804,1.3267082,1.9751793,3.9406025,1.9518653,0.33052903,0.22430684,0.17173654,0.66841555,0.3731926,-0.34950423,-0.21156608,-0.41936508,-1.4255266,-1.6149892,-0.594978,-0.40016988,-1.2700144,-1.4662057,-1.0720989,-0.9157431,-1.5724154,-2.2089324,-0.94878936,0.46006644,-0.16009516,-0.9658833,-0.89657134,0
-73.35431,-9.016876,-15.225932,-7.496051,-16.487524,-5.878045,-14.345023,-9.101211,-12.304572,-3.7981617,-10.860465,-3.6098986,-7.9824834,-1.2775367,-7.217899,-2.4896567,-6.6849523,-2.2757182,-7.326407,-3.8028896,-5.780503,-1.1223749,-6.064323,-0.5623268,-4.9726195,-1.0179713,-4.1248198,-0.7955257,-4.7454405,-0.5929623,-3.7920883,0.9598441,-1.6515752,0.5131428,-2.262543,1.9959847,-0.49841765,0.9520121,-2.7598405,0.28514194,0
-48.525677,54.301907,-6.1198797,3.1407075,4.0524144,2.7678938,3.4274836,6.6726165,3.0645616,3.106497,-2.978074,0.22853315,-2.6016066,1.479553,-5.005074,-0.97044283,-3.90675,1.7850903,-2.5076153,0.31288204,-2.158533,3.7633336,-1.5921735,0.13329323,-3.4207454,0.7641125,-2.2127056,1.3214902,-2.914496,0.059645846,-3.2803187,0.91923535,-2.1195407,1.9599037,-1.0620806,2.1780417,-1.1122427,1.9574106,-1.9010284,0.72397316,0
-130.3141,-8.65955,-27.731066,3.19455,-21.279795,-5.891866,-10.808582,-9.676654,-14.541054,-10.716487,-10.34579,-5.5027466,-8.016093,-3.2879136,-7.3023925,-2.8327124,-7.6407247,-0.73884964,-7.414121,-0.9106477,-5.7493205,-0.14669365,-4.426261,-0.8150729,-4.1087976,0.5007646,-2.5607486,-0.050393768,-3.1285949,0.5935445,-2.3032165,0.8728795,-2.0999324,1.0256937,-2.0142672,0.4864002,-1.8714632,1.6384436,-1.2571126,1.9430215,0
-250.05632,196.28674,1.2793965,9.677745,7.9171777,-2.6004627,0.44913232,-0.363917,0.832555,-1.4375273,-5.0411725,0.42272642,-1.4486613,-2.416186,-1.4598151,-1.2594378,-1.3304585,-3.7693872,-0.5259646,0.07793765,-5.211328,-0.7869654,-2.6341863,-2.9230587,-1.6980153,-1.9037476,-1.9331284,-2.3436432,-1.7196835,-2.2991185,-1.6634955,0.9790397,-1.1526812,-0.50661385,-1.1617707,-1.3143424,0.434549,-1.8097458,-0.32220396,-0.5818146,0
-110.42154,80.98834,31.720598,23.052233,3.8321064,15.921895,2.4188426,4.964288,-1.7005517,2.8535326,-1.6526324,3.304588,-2.924144,0.44872022,-3.212721,-0.68088585,-2.6340587,-0.42941856,-3.4501204,0.44566762,-3.1688893,-0.247004,-2.1833456,0.44586903,-2.8421016,-0.1661615,-2.5785754,-0.7194848,-2.5760663,0.17133988,-2.2447329,1.3461503,-2.6910548,0.2532717,-2.7891977,0.5562199,-2.7366135,0.51182586,-2.6854846,1.0011138,0
-38.749264,74.77117,-1.1023427,-11.826757,-19.363688,8.324923,-8.060572,3.223847,-6.550538,-0.99936366,-3.4137635,0.33877563,0.39315966,0.22575954,-0.01991763,-0.11438709,-2.6593492,0.70561385,-2.2675557,0.5273173,-2.7662444,1.3892176,-2.2845044,1.4797877,-2.8275971,1.1919998,-2.6128001,0.93995595,-2.2411063,1.4477586,-0.7554672,2.423082,-1.2648499,1.9753988,-0.5657494,2.9458888,-0.0044048806,3.192129,-0.096435435,2.7520678,0
-111.05742,72.295525,-10.877819,22.079903,16.29762,14.720589,12.2955675,12.825727,5.4403524,10.711464,5.202484,9.472442,2.1134856,4.9237914,1.5731139,4.0582013,2.3558698,3.2188132,-1.4254664,4.420979,-1.9104625,3.166162,-1.2212024,1.9191366,-1.0849061,3.0201366,-1.0765966,3.183718,0.092429146,3.013175,-0.30581638,3.506712,0.3048031,4.0199547,1.1810033,4.6858077,0.68588674,3.8155522,0.24212565,2.2607815,0
-184.52464,14.571952,-29.894987,1.3328408,2.844084,4.3405967,-0.46122393,3.9675634,0.24587864,4.4056025,-0.493409,3.6753573,-0.51039207,3.2579405,-0.5025999,3.873567,-0.6029884,2.8570042,-0.83155066,3.578491,-0.43279096,3.8131812,0.020816397,3.9032717,-0.19313593,3.7337484,0.35833982,3.6741664,0.048312154,3.1128738,-0.7026027,2.4327478,-1.2191492,2.1182952,-1.6684775,1.5443997,-1.7712468,1.411969,-1.5048811,1.6868844,0
5.1347375,124.06811,-36.441963,22.836521,4.384125,1.2377945,-1.8145719,0.53700584,-12.908787,-4.242791,-4.696328,-5.4336925,-8.884032,-1.2328334,-11.981932,-2.782469,-5.195977,-2.9391186,-5.1055365,-2.4694443,-6.2433414,-1.7179918,-4.653532,-2.91899,-4.9140534,0.011390262,-5.2907443,0.52021706,-2.293205,-2.0108001,-4.208818,-1.8023734,-2.509092,1.455719,-4.154014,0.35475212,-1.7714694,-2.189143,-5.158748,0.80548644,0
-208.26804,32.101997,-37.46686,0.17162758,-9.887758,3.7962277,-4.2407017,4.6165285,-3.7855806,4.2228603,-4.0713706,4.9107394,-2.4080958,1.7599581,-2.2985876,1.3166528,-2.248947,1.9469248,-4.6809516,0.5883862,-4.849094,0.9029568,-2.7550457,0.31079555,-1.9090993,0.8179456,-1.9651631,2.3811793,-3.0920076,2.0055056,-2.3740184,1.8251998,-1.64808,1.7473145,-1.3782439,1.7865509,-1.0615332,1.5478684,-1.6062005,1.1497409,0
-24.478487,77.554474,-34.860928,63.17547,-21.934996,12.211038,1.2201445,8.117731,-11.597478,12.623631,3.6827364,-7.679377,-1.3763003,-0.676492,-3.3246877,-3.2587702,2.2205226,-1.4580503,-3.0335467,4.243269,-1.4988196,0.07709994,-3.1064878,3.5001295,-6.711228,-0.20889328,-4.293048,2.4553852,-6.6061106,-0.63913715,-3.3582006,-0.8327132,-3.02589,1.3819567,-3.3967254,0.64994264,-0.8251552,-1.4500498,-1.2160009,1.4006683,0
-210.76353,26.079844,-39.270157,-2.3109803,-12.176575,2.850536,-4.8477445,5.233837,-3.061415,5.5941067,-2.7469041,4.555532,-2.5383017,2.8273432,-0.5204003,2.7262669,-1.8097215,2.81014,-2.9993925,2.423381,-2.7083013,1.8435489,-1.8984513,1.0330203,-1.4652095,2.3010633,-1.1972226,2.332345,-2.582713,1.8716804,-2.5764115,1.5264223,-2.1634214,1.144207,-1.3798463,2.2576323,-1.0815065,1.9984815,-0.7927196,1.9582505,0
-92.55654,182.8242,-46.875504,43.732567,1.7438095,-0.30133438,13.4991255,18.15994,-10.026422,6.8226137,2.3356967,5.1419163,2.6942327,9.072249,-3.9267437,5.4425635,3.070709,2.2325888,1.5599803,0.9048631,-0.5958037,-0.23906009,2.835201,0.17995316,-0.033172995,0.8648814,-0.78213936,-1.1504225,0.036889322,0.8881898,-1.5055039,-0.7175667,0.2968652,-0.13555194,-0.078460164,-0.44076726,-1.7604941,0.9004544,-1.5940013,0.83892834,0
-302.38336,71.02201,26.709476,39.436398,26.720467,-0.07287985,12.398092,0.98892117,2.5068429,3.8020837,0.58146155,9.648372,1.0117966,10.89174,3.2110977,-2.0544848,5.5393143,-2.5115678,0.6992919,1.2405443,-0.8906284,-0.13297512,1.7731311,-0.5500155,0.21018872,-1.2176254,-0.80508643,4.2876763,-0.60589844,2.9297764,-0.39505392,4.6357694,0.03892699,0.6489839,2.1545596,4.299123,2.486114,4.9540267,2.406113,2.5616074,0
-210.57645,185.78065,30.522312,17.821638,-2.251955,6.729707,-4.979438,-4.006197,-5.1204243,1.3364557,-1.3073415,-5.041436,-5.4174957,-3.288606,-0.031039255,10.809242,8.5026655,4.732061,-3.3224504,3.9633653,0.58969516,1.7339354,-8.247612,-3.911087,-2.7927861,-2.0962024,-8.002212,3.7442882,2.1836193,-0.6413461,-2.6611633,3.8376744,-2.6990328,-0.7225545,1.3204932,-0.87431765,-4.3968077,2.5148938,-2.7546918,-0.8698957,0
-130.34158,93.9704,25.696377,12.170391,10.569403,8.090324,-5.055405,0.9957206,-3.4635289,-2.7552094,-10.007659,-2.6553605,-7.4675384,-3.0146906,-7.1552777,-1.9669229,-4.9461737,-1.8563695,-4.765447,2.1224997,-0.84248763,3.1332223,-1.5810949,3.225694,0.32908788,4.3391743,1.9836721,5.607299,3.013666,5.851185,1.8334436,4.611952,-0.7808561,2.7117152,-0.8281047,2.8084428,-1.9549628,1.8457568,-1.2944657,1.4979601,0
-92.99575,16.134836,-5.282779,23.24683,-3.865357,10.183758,4.4633026,4.789059,-2.6662943,0.5115136,-0.74180037,2.4873111,-0.3351867,3.777748,-0.9934957,2.3972604,-3.1324933,3.4658978,-3.7712283,2.3733277,-3.4105701,1.5219519,-2.7724142,1.4461738,-1.9600296,1.3970766,-2.418187,1.2449311,-2.6280777,0.22223473,-2.3395817,0.62872934,-2.3104825,0.91475844,-2.1706288,0.68785864,-2.114319,0.646222,-2.8579626,0.02338238,0
-211.33035,152.33644,-18.3161,-1.8677168,-10.415481,0.930784,-12.111249,0.40130162,-14.971963,8.868298,-1.7456534,3.4915025,-0.6922565,8.6931715,4.651074,11.117454,9.77079,9.193612,3.2324955,3.7961287,-4.1698713,0.5816507,-4.287976,-1.0447428,-4.3929877,1.0249503,-2.072773,7.3351398,0.7399193,3.3259733,2.4708264,4.486164,3.4625647,4.4074593,-2.0732355,0.52983737,-2.950165,2.577717,0.09578987,2.9346874,0
-98.47761,69.55951,22.468489,16.987581,-1.1583447,12.434332,1.4198354,4.616318,-0.98125345,2.9144056,-3.271121,2.1203504,-3.04708,1.3995312,-2.8189878,0.8767339,-2.2670667,-0.21968833,-2.8660715,1.2888391,-2.6588578,0.1697657,-1.9329424,0.5347232,-2.0729694,0.083341844,-2.412371,0.27339798,-2.4304245,0.47854593,-2.8299549,0.5947558,-2.7500088,0.45824257,-3.1410007,0.22422743,-2.7254086,0.32975993,-3.1040661,0.3758569,0
-48.776634,71.198,6.322561,-2.801025,-15.270402,10.091826,-5.003863,4.3975077,-5.4896708,-0.34095424,-3.5534437,0.77654314,-1.347843,-0.9293802,-0.018491533,1.6155462,-1.5837833,1.246887,-0.29189184,2.4815464,-2.3514156,0.978781,-2.0254793,2.7459614,-1.983608,1.3377782,-2.0235205,1.3844751,-1.56071,2.2140427,-0.9676688,2.0857298,-1.4118859,2.0381017,-1.155188,2.358278,-0.38658983,2.8843505,-0.51378006,1.844029,0
-247.69577,110.75477,33.045475,24.16559,23.79391,45.29434,15.12412,21.293104,17.20595,20.284754,9.085578,19.242887,2.5180073,5.812466,16.131393,3.7340715,4.983273,9.5722475,-0.39837882,-3.905131,-4.0050097,5.592722,-2.3967295,5.252659,0.98032016,2.9798415,-2.4237084,0.53105146,-0.33976254,7.1072392,0.09607455,5.7404656,2.1164463,2.7459855,-0.3256621,0.36482784,0.7636862,6.872952,2.6052127,2.7929485,0
-385.39862,82.634315,12.813877,18.898026,14.914818,2.326134,3.4256678,1.5895253,3.1670892,0.14102924,0.93515813,8.437835,0.39299968,12.477184,-3.6391537,-1.9132326,1.4950249,-0.33071253,0.30056056,-0.593596,0.042237032,1.1354744,2.71136,2.9037259,0.74287397,2.4429617,2.6183467,7.254571,7.1385922,8.686347,4.8683476,6.1899943,3.8342984,2.2859077,2.702722,5.232924,2.2131295,3.2731776,1.668939,3.131473,0
-142.74559,142.0351,-55.271664,-8.818936,-9.431441,4.6523023,-3.8627071,5.096865,-1.8728958,3.3324764,-7.2548156,-2.6765108,-7.20689,-0.90621567,-6.0371466,-1.8077662,-6.6213193,-2.4001267,-5.8504267,-0.7871885,-6.1523466,-2.0446603,-4.624705,-0.38581282,-4.341523,-0.16313627,-4.2993803,0.6934563,-2.7105768,0.9340454,-2.9908295,0.47451425,-3.5515244,-0.23552866,-3.59418,0.86890876,-2.0838578,0.31659353,-3.2049582,1.2853233,0
-461.5021,186.46901,71.99791,22.16633,11.468179,20.317673,15.343986,7.7496057,7.034461,9.305207,7.7473507,4.396782,3.1204727,3.4402773,3.6437674,3.829016,2.7763195,2.0532854,3.674019,3.5739672,2.413169,0.58941185,0.9780953,1.4466996,2.3745403,2.1511846,1.8202293,2.0888915,1.3518158,0.8129967,0.85101074,1.9849447,1.6625649,1.8276163,0.57002586,0.84233093,0.99546236,0.7502707,1.1529068,0.43425247,0
-342.58725,138.90602,14.028986,20.878654,1.9148163,18.35287,6.0002985,12.209523,8.915524,12.834732,1.1926141,5.989081,3.3653727,8.136212,-3.747728,4.2741766,0.6361949,-1.3705041,-2.5312848,-5.0395207,-1.4427662,4.4242444,-1.5775704,3.3929987,1.620171,-4.7290177,-8.918577,0.80834967,0.7013909,2.8845408,2.1378949,4.7213516,0.116090074,5.765842,1.8513036,1.3661208,-0.17559989,1.7375516,-0.041899547,-2.2846107,0
-168.81543,166.10023,-26.263206,2.5797815,9.197437,7.390161,2.9807065,12.735913,-0.1674763,1.8157068,-3.5112307,-0.7903798,-2.0953677,4.8578486,-0.95534253,4.081737,2.2846048,2.3910613,0.20822416,3.7954776,0.74814105,4.268235,0.09339758,3.8997812,-0.31976762,3.1691844,-1.3822541,1.4011987,-1.5514089,3.279692,-2.1360798,3.0903182,-1.8430315,0.9859463,-1.5520343,1.3942119,-1.8428367,1.8205534,-3.088565,1.7474229,0
-330.3114,138.23593,-22.605652,18.775295,13.717082,-17.6772,3.4214332,-1.101658,-8.816791,4.524843,-8.286494,-1.1547911,-3.2818568,-5.0670004,-1.7761155,-0.74076015,-3.4161444,0.26223361,-0.10056347,2.653867,-1.9653542,1.6307372,-8.529043,5.5139337,-2.0297215,-1.6394968,-6.6270294,1.4911283,-3.1197078,-5.512275,-1.2989188,-2.1222014,-4.185097,-1.1668619,-1.4746555,-1.2650889,-2.972278,-0.3165873,-2.798461,0.77800244,0
-184.39511,149.71048,-51.228855,-12.362327,-8.8693285,5.86429,-4.3289757,6.221536,-3.2263415,2.5595791,-8.152812,-4.6543064,-10.693122,-3.815083,-7.216961,-2.4877608,-5.945895,-2.151849,-6.5059857,-1.6285996,-6.1430817,-0.7437664,-5.450653,-1.5053782,-4.164112,-0.7413757,-4.3051486,-0.3014706,-3.433517,0.4149331,-3.0271475,-0.21389922,-3.1617343,0.72552276,-3.0975854,0.034967493,-3.177154,0.47744223,-3.4342234,-0.021812465,0
-77.72495,30.766178,-11.34186,15.462019,3.7116017,7.3835654,0.06669814,6.110952,0.08704443,6.529707,-0.64091045,3.1798112,-2.3943346,1.4124143,-2.5224326,2.5435565,-1.8277667,2.166249,-1.1964302,3.0525782,-1.2286676,2.7759476,-1.2887388,2.6611524,-1.03622,2.6530778,-0.76269656,2.340939,-1.5971417,1.9212779,-1.8720541,1.998554,-1.8433489,1.8066454,-1.8194987,1.2161726,-1.5143356,1.240154,-2.0594525,1.3420588,0
-236.16417,170.47298,10.344397,9.184619,-9.263637,15.927088,-0.45965153,4.0669513,-1.5190791,3.3741183,1.7802407,0.6549961,-2.0539753,-0.11107402,-1.7517945,2.0877628,-1.22861,1.1198274,-2.7556407,0.64226687,-2.6889598,-0.17284422,-3.1003413,-0.33593023,-2.9190004,0.3652038,-2.1215305,0.46747777,-1.3315188,2.2174158,-0.3130625,1.6599356,-1.2399489,1.9541464,-0.4371991,2.0530398,-0.26427814,1.7396737,-0.40691465,1.7866981,0
-123.92232,-10.321629,-26.290138,4.244099,-19.404604,-4.060519,-11.647192,-10.380301,-13.420243,-9.25479,-10.877001,-6.1013055,-7.5702434,-3.7224534,-7.1417565,-3.109903,-8.291003,-1.0251356,-6.7514286,-1.2170403,-5.92746,-0.78644323,-4.9332185,-0.547235,-3.9666295,-0.062409155,-3.303268,-0.047763746,-3.1785905,0.37224808,-1.9373497,1.0814013,-2.1740763,0.6973482,-1.6513098,1.1828811,-1.8359426,1.5240799,-1.0141426,1.7567695,0
-86.312004,44.288277,-13.191743,13.530679,4.0410924,2.9377565,4.331269,8.006981,2.2044818,8.370196,0.67813444,7.459351,1.6720663,5.429931,1.7261444,5.9933076,1.3340446,2.5412018,-2.6943607,1.2216026,-2.9221501,1.9971924,-1.2444148,1.7931962,-2.2817597,1.9021553,-1.0121075,2.0035276,-2.9958875,0.5573841,-0.84675366,3.4867158,-0.78110987,2.3787715,0.5249139,3.988403,-0.26144895,2.9490793,1.0097425,4.3821874,0
-44.653156,108.041275,-45.72868,51.02496,-31.504272,9.243823,11.145298,19.952059,-12.79457,11.833306,2.0324974,-7.2947183,-1.1842359,-2.0061102,-1.5840181,1.8612685,-1.3488215,-0.37717417,-6.861092,1.0112462,-8.647765,4.7624106,-8.916997,0.06446114,-2.7509642,1.9566945,-3.2391176,0.22395709,-3.840233,-3.817315,-3.0097067,-0.20525265,-3.7657368,-1.1742548,-1.7825524,-2.1516714,-4.9373193,-3.2098925,-1.0334808,1.341627,0
-183.9426,134.04358,26.228237,25.947826,7.5417624,9.328005,3.7809665,7.167645,4.567794,5.1415973,3.463675,7.208894,1.3709444,3.3281598,2.1739054,2.5044484,1.7359998,2.521893,0.6011191,3.4208941,-0.15440331,3.584185,-1.1418754,2.82838,-2.1202264,2.2539976,-1.2305185,3.242409,-0.30695242,3.1055608,0.10725488,2.392129,0.5274749,3.6989932,1.2309331,2.4186811,0.1244679,2.2946165,0.7011342,1.4799346,0
-104.98423,57.17646,26.96836,28.539967,7.4461093,21.31174,9.971947,11.005376,3.6169233,7.2844086,1.600014,6.342881,0.65436286,3.702089,-0.59902525,3.2813325,-0.16037846,1.2018664,-1.4605235,2.5899246,-1.0915662,1.9262202,-0.9523171,1.7701957,-0.72930425,1.3242847,-0.89286524,0.99458134,-2.2575445,0.7482978,-1.7371007,1.9393342,-2.5118952,0.93937004,-2.22645,1.5158831,-1.0541847,1.6480888,-2.3700354,1.1932905,0
-127.9432,96.61963,23.441935,10.775935,7.5073,5.9606166,-6.7770658,0.15258026,-3.692979,-2.2302809,-9.404737,-3.2416525,-8.6436405,-4.25341,-7.737158,-2.47282,-5.7439857,-2.7986822,-5.2085013,1.0013577,-2.1167014,1.3587145,-3.1330125,2.4989073,-0.7514001,3.179475,1.5483075,5.5845456,2.042885,5.582395,0.8184707,4.041064,-1.2381018,2.7345576,-1.3371838,2.9562745,-1.5584594,2.4309728,-1.4186637,1.5113053,0
-123.0723,176.79384,-30.866386,54.63226,7.3950105,0.5886193,16.236526,19.420982,-9.815029,3.2309694,4.3978643,6.9912906,0.71789664,7.678876,-1.5756403,8.253876,-0.97628605,2.8488786,-1.1343694,0.94530094,-1.7631067,0.11992783,0.2827121,-1.1190951,1.2807103,0.7556557,1.0764407,2.1168225,2.1321332,0.7229793,-1.6365839,-1.0770367,2.5958638,0.28782257,-1.7943555,1.0547181,-0.5870748,-3.0118191,-2.934286,-0.58799565,0
-264.15472,178.1151,41.755264,42.81231,21.863993,35.52771,7.436058,20.695263,3.9803944,10.5738125,3.1977763,5.6331077,-0.91100967,-2.4143944,-1.7804462,-5.5333667,-5.7882104,-7.4431596,-4.762997,-4.394475,-1.6558162,-6.5394964,-5.1979966,-3.9406674,-1.401148,-2.8460302,-4.2673135,-2.1608107,-4.2645283,-1.451677,-2.7852855,-2.7468781,-3.4410872,-1.7477951,-0.7329603,-4.5561514,-2.8031876,-0.8091315,-2.28851,-3.9843245,0
-306.64572,139.90573,-10.078061,25.661102,22.523088,-0.9786062,6.24588,-11.498896,-4.152702,3.6892674,2.819638,1.7041386,3.8048427,4.666421,-5.3777347,-1.9338384,-7.191211,0.8738334,0.19311987,3.5190217,-7.748686,6.40204,-8.455929,1.7681413,-2.0369084,-3.6032274,-1.3817899,3.0506885,-3.8421164,1.4193264,-1.9055296,2.2696927,-3.1948457,0.98916924,-0.4501727,-1.7712483,-2.4942029,-0.5148982,-4.3763323,-0.33803493,0
-132.12337,131.28738,-57.85491,-8.545857,-7.723071,7.4331098,-5.377094,4.2038217,-1.565985,3.394352,-8.727397,-2.9084957,-9.693748,-2.585199,-6.2845807,-0.25903544,-7.2288404,-1.3497564,-5.627758,-0.36323157,-4.6700935,-0.7053273,-5.429154,-0.7707986,-3.8673358,0.20610198,-3.9110022,-0.21826701,-4.0802445,-0.4753148,-3.3061044,-0.5256242,-3.5241296,-0.1914582,-3.2986236,0.09731103,-3.109295,0.29880947,-2.831361,-0.44388738,0
-341.19543,133.8568,6.729227,29.637396,23.086737,-6.214363,1.1987323,2.2474856,-10.565843,-0.24082015,-10.383622,-5.373696,-0.05663434,2.4992998,1.6020867,5.78255,-0.42552808,0.21144468,-0.12110465,-0.12545124,-2.9443026,1.4269757,-3.0735776,-1.1327904,-2.9938507,1.6970538,-0.95840067,1.6404214,-5.811369,0.23055719,-2.634205,-0.2662214,-0.46231338,-1.2881243,-2.6996162,-1.0264316,-0.7810865,-1.3213308,-2.816115,-0.8778829,0
-248.14435,179.88817,-62.61783,-6.9113803,-8.854937,6.2819066,-1.0336419,5.730107,-2.9318686,0.37836286,-6.912647,-2.251224,-8.156655,-2.4960744,-6.0999146,-1.4008466,-5.3574157,-0.20077024,-5.2991705,-1.1415727,-6.189255,-1.3535086,-5.740923,-0.98946947,-3.5031302,0.7251221,-3.1394365,0.59639126,-3.1674712,0.08436994,-2.8197422,0.55216306,-2.820212,-0.224265,-3.4668055,0.18339805,-2.3656416,0.46735665,-2.869995,1.4970198,0
-150.0388,98.04749,16.064497,9.129353,3.9837785,7.095751,-1.7978119,3.9986787,-6.011096,-0.2811908,-4.519193,0.32901692,-6.303756,-2.7159226,-6.169046,-3.4423647,-5.1286883,1.5110154,-2.4499285,1.9983269,-2.4166396,1.7906317,-0.6551347,5.101768,3.8089204,6.495637,4.586509,7.156058,3.0225616,6.341775,1.1959491,3.1886017,-0.5161653,1.8980001,-0.84397167,3.64066,-1.0315725,2.745956,-0.98123366,1.2418323,0
-148.98842,97.750206,16.038725,8.05209,5.667422,4.074981,-4.3407373,4.914865,-0.75324357,2.382979,-4.6545234,-2.349993,-7.6283164,-1.7415655,-4.9063487,-3.416591,-6.6616664,0.9604964,-2.5806856,2.3869781,-2.3758814,2.1124957,-1.8841728,4.8358583,2.5861914,7.38197,4.982728,7.09415,2.3369036,4.921738,0.6201937,2.9127028,-1.0862781,2.2536469,-0.33526707,3.6401033,-0.88953745,3.03148,-0.968905,1.2865344,0
-181.13342,172.7252,-28.826773,2.0667877,9.651884,11.676502,4.6725335,14.988653,3.8763454,5.059828,-2.6957858,2.295889,0.10940658,3.950184,0.1212694,5.085793,0.7792076,2.408325,-2.0982192,2.8910666,-1.1509181,2.1104238,-1.1764957,1.5362326,-1.5152099,2.1362262,-1.3437607,1.4854615,-2.3009825,1.7794572,-1.5846502,2.6026773,-1.2256517,1.074928,-2.1240647,1.1076764,-2.3584833,1.5134526,-1.8199884,0.93967587,0
-273.8431,182.44421,10.097783,-12.946673,17.078297,5.6923585,-9.4340515,0.4874699,3.16244,-3.8767223,-3.9733853,-0.39542115,-0.600471,-2.5707624,-4.9101906,-5.9461446,-6.057567,-5.3914256,-3.5991647,-1.9330455,-2.527032,-2.6178522,-1.2361583,-0.88383216,-1.8689979,-2.1654873,-2.4213424,-2.1842659,-1.631257,-1.8549011,-2.2623286,-1.5040855,-1.2768385,-1.8429023,-1.8130943,-1.2135745,-1.4195086,-1.4530312,-1.5021135,-1.7163304,0
-93.850586,60.067505,24.535324,19.945927,-0.18494451,13.802142,2.2884243,6.2715874,-0.7768242,2.3431964,-2.583626,3.2480328,-3.3507245,1.2685866,-3.391799,1.0141383,-0.9776006,0.08552023,-2.7222545,1.4057971,-2.3325734,0.19183868,-2.2040746,0.35358965,-3.2490873,0.07830714,-2.5043561,-0.06502105,-1.7205122,0.86415815,-2.4813724,0.97085625,-2.7332964,0.18505043,-2.8992996,0.48748475,-2.6813745,0.415303,-2.6586657,0.69557345,0
-176.14066,9.160298,-31.071306,-1.993177,-0.1841341,2.4274716,-2.2004123,2.7707384,0.29367352,4.5492806,0.13417366,4.2050524,-0.701498,3.6406784,-0.4439874,3.5129957,-0.85797465,3.0115724,-1.4615031,2.9149203,-0.94821066,2.6726058,-1.5483114,2.9679117,-0.66624683,2.6426241,-0.5832436,3.1192198,-0.9456619,2.5755246,-1.0685045,2.0589554,-1.9626127,2.3464212,-0.9605019,1.4381211,-1.9499681,0.7782336,-1.6713166,1.7327758,0
-310.0705,133.53548,-10.09576,46.315704,20.286903,-1.1562448,7.590995,-6.7544494,-7.2093916,5.471651,-6.5257835,-0.31522125,4.5746355,-0.2699595,-5.0789614,-4.8285546,-6.0940475,6.7591553,-5.151597,3.02439,-3.8088546,0.25716728,-7.7656364,3.6403403,-3.5511808,-8.135379,1.5202861,0.44553766,-5.532317,2.6053815,-2.2249045,5.4300094,-2.3011727,-0.7993349,-1.9419668,-4.5782595,-5.5111732,1.2186706,-5.850113,1.0442736,0
-276.28903,74.83335,-4.200305,23.526756,20.402288,18.02139,3.289561,-1.1560757,-3.7365701,16.611467,4.236176,4.6656756,0.80195695,10.968349,-5.2122965,1.3275046,-1.9672242,2.799976,4.4984245,5.1652174,-1.8950013,1.3766663,-1.1038958,2.744367,-1.9523653,2.2388103,-3.9217162,-0.9842031,-2.8785338,-1.9333591,-5.727557,-0.8487053,-1.1963392,0.64708745,-0.22209167,-1.5822815,0.7150484,5.4245067,1.5645511,6.063993,0
-186.37894,120.22763,-45.69529,29.78347,-3.9331207,25.351353,4.2191358,15.173402,3.1731858,5.98338,-0.13828531,16.050367,-3.2364817,6.088959,6.375548,5.387026,3.9961543,6.6628594,-1.9380647,3.6702328,1.686113,5.924049,2.5993972,2.1055186,-1.6217893,3.8249693,0.014348824,4.681308,4.3440304,5.0202837,-2.1630569,6.007783,1.4724505,1.3878418,-2.251117,-1.9292979,-2.6143725,2.8146715,1.6639748,3.20656,0
-99.023735,97.18604,-46.57354,11.589751,-17.632294,13.913357,-11.242577,-9.489394,4.141001,7.3414974,-5.736735,6.2004437,-8.645894,8.550044,-4.8297663,9.605158,-5.9986577,1.8817408,-2.257914,0.813196,-2.310003,2.8624444,2.4217255,0.9318666,2.2178173,3.2515395,-0.26031658,5.369061,-0.47787684,5.9048915,0.33806556,6.684936,0.8643722,3.4930527,0.96357185,3.4938622,-0.45346907,3.4166603,-0.97753066,2.861069,0
-350.73334,63.10498,17.897514,23.30082,15.813595,3.3133957,2.9004464,2.084109,1.7056389,-1.7850589,1.6133707,8.509527,-2.0867221,13.633618,-3.0010448,1.8110405,3.5316782,-0.75632286,-1.2518696,-1.0950899,-1.7675217,1.5457486,1.9634234,2.9057157,1.001633,2.825688,1.113513,2.7372134,1.2149314,2.6579833,2.2967126,7.671655,7.032163,5.490289,3.494869,2.0140517,-0.56332093,2.0547462,2.9659367,3.226301,0
-151.95721,67.221504,-1.2331488,15.545032,11.601232,10.410296,-0.23919398,6.431119,-0.92043334,5.1500163,-1.677649,6.2150292,-3.364355,4.1615453,-3.282617,4.1229415,-3.6448612,3.3612504,-2.778995,1.9920207,-1.1486124,1.532608,-0.125857,1.0511833,0.73898864,1.6171949,1.4797271,1.5278823,0.71564835,2.1675723,0.8917259,2.8968766,-0.5230377,3.117642,-1.7320012,3.9678786,-1.2814385,3.8657758,-2.756789,2.8681881,0
-173.79231,166.85948,-17.65454,1.4913114,8.33114,11.299404,2.387218,12.739191,2.6376429,1.6049004,-4.7512813,1.3499093,-1.3913182,4.5890584,-1.4117873,5.839957,0.493535,3.6709,-0.7399401,4.953784,0.65302396,4.188633,0.20357944,4.1669273,0.45169562,4.8717847,-0.045286674,2.8663929,-0.84869033,2.679804,-1.3346477,3.2888484,-0.8944332,0.9414456,-2.52703,1.2287682,-2.5301173,1.8848222,-2.5435364,0.80200994,0
-103.45962,179.43127,-44.20666,44.363373,11.407576,12.18512,7.97123,15.7877245,2.115498,11.559955,3.7082946,5.081515,-2.4168003,6.2437787,-6.2429676,0.078743406,-3.52364,6.11346,0.29777005,-3.2002347,-4.0714197,4.6264997,2.8286285,1.2336245,2.0621684,2.032533,1.3227644,1.1869842,0.33961433,-0.19096063,-0.3554973,-0.3791312,-1.6376908,0.2634622,-0.4630195,-0.9630833,-2.4403439,-0.66172636,0.71508753,-1.4462326,0
-162.20358,144.9718,-30.333296,25.909136,6.3883367,28.683424,1.6747296,-0.11277622,-10.39176,3.8415623,-3.720142,8.0382595,-7.2064433,1.2711108,-1.208305,9.100886,-1.2791314,2.4540682,-3.3763897,-2.784516,-3.7789643,-1.1389846,-5.601685,-1.5237029,-3.6317098,-1.0045929,-6.7036204,-2.212324,-3.1759903,1.4219224,-2.331762,1.447961,-3.2630544,-1.8719246,-7.6531014,-1.2224368,-4.9149,-0.46521258,-3.7189937,-0.42647782,0
-233.9593,164.55084,-37.85907,28.730474,-27.26366,28.398138,4.861414,13.235395,23.523586,15.724575,-5.187491,6.681918,12.009669,10.697418,3.190845,8.464843,7.54272,10.492544,0.6950824,2.206512,2.1072645,3.8142338,-2.316029,1.11628,-0.20528957,3.2170272,-0.72685623,-2.8671224,-2.5652204,1.6164514,-3.9067807,-0.6407028,3.070203,1.6304605,2.532097,0.0115055125,-3.5791802,-1.4656346,-2.1476786,-0.79926884,0
-198.40437,116.05353,-17.779305,34.893353,-18.909908,35.429157,12.092838,8.975747,11.092249,-1.7579114,2.256793,22.362974,-0.4892498,5.419359,6.5587864,4.0044117,5.6159935,6.983081,5.8856955,2.8175578,0.36322877,11.848746,2.2365413,6.6906605,1.8928487,2.9417453,5.012249,1.2838508,-1.1715071,12.12989,-4.8354206,4.3654933,4.361349,-3.6690495,2.3183727,0.1782698,0.15263198,4.782305,-4.250154,5.9804783,0
-103.54873,53.45674,26.868843,6.0941567,-6.639612,10.337554,1.3794123,11.50543,0.43408647,6.447335,-2.258483,4.877343,0.030314162,4.3586144,-1.9745188,4.1155853,-2.1025171,1.8924476,-2.0077498,2.1390789,-1.9275515,0.14835751,-1.6963493,-0.40840295,-2.409141,1.1042393,-2.5966983,0.799702,-1.7211617,1.9494349,-2.8809183,1.3526279,-2.1987116,0.59884024,-2.110235,1.3193086,-2.609396,0.12534769,-2.6552112,1.5068411,0
-87.43019,134.7251,-48.75671,-7.6375937,-7.886599,5.1764283,-4.096835,2.742345,-2.905549,4.404661,-5.8850136,-0.103459254,-6.1074486,-0.12620287,-4.759147,-1.1418768,-5.3203216,-0.59204835,-4.6262116,0.08297772,-5.037686,-0.29463384,-4.7724156,0.060449917,-3.1200314,0.75600046,-3.2358449,1.1366897,-2.2326772,1.3931235,-2.4215853,0.32087687,-2.688474,0.30221218,-3.8280063,0.26532137,-2.0369182,0.43061155,-2.9194314,0.6683766,0
-391.51062,75.129906,25.27651,28.046074,16.340412,10.991617,6.8998384,22.583149,8.107162,25.780672,1.5123496,7.36744,-0.56021696,8.453156,1.4901907,-1.2759892,-0.8616139,5.408364,-3.9587135,-7.456292,-4.9677997,3.1432033,0.19898227,6.870621,2.8009815,3.083829,-3.7343073,2.765539,-6.4633183,-5.109336,-17.118206,-6.907497,-5.2388415,3.332929,-4.1884303,0.25019968,-0.23481552,1.188305,-10.677152,-6.775807,0
-207.74861,178.4485,-27.830162,7.646154,12.951838,-0.03996284,-3.1835787,-0.86641437,-3.3929462,-0.068908714,-6.041913,-3.8047519,-2.8488724,-1.2103791,-4.354319,-1.6989417,-3.1760004,-1.6400555,-3.9221747,-1.450271,-2.795319,-1.0890495,-3.5844336,-1.2651345,-3.4404612,-1.1298975,-3.0102687,-1.1002154,-1.9549232,-0.0065032463,-1.974201,-0.5647744,-1.9562836,-0.47520083,-2.1988885,-0.47008386,-1.7866539,-0.39576727,-1.9791983,-0.5120734,0
-123.4085,-10.8923235,-26.255728,4.210512,-19.748209,-5.034723,-10.862506,-9.138405,-12.838972,-9.555673,-10.928097,-5.870133,-8.382177,-4.2680717,-7.358032,-2.1818104,-7.824249,-0.62667733,-7.0577946,-0.82350194,-5.9821625,-1.5369489,-5.234774,-0.7232789,-4.104619,-0.18167952,-2.5986674,0.48615646,-3.3423371,0.38165167,-2.6957002,1.067461,-2.0850184,1.4207295,-1.5915498,0.705433,-2.459672,1.1515901,-1.6061715,1.458659,0
-310.78372,127.38431,-27.496286,35.970818,28.093239,-12.658833,1.3303882,-7.529834,-14.810281,1.4361049,-14.448933,0.5705376,-0.16582805,-9.36891,3.400336,1.6496043,-6.856346,3.8419828,-4.2922025,0.26266512,-3.4690254,0.48476523,-4.333351,6.0214458,-5.040551,1.1274254,-5.0426455,0.36061102,-1.1338583,-4.6538653,-1.6375967,-2.0838854,-4.41282,-0.9124177,-2.842807,-1.4495898,-5.720055,0.65876174,-5.5214353,-1.4161993,0
-301.03583,130.36282,-13.780449,33.927025,17.640566,0.6609681,2.8757951,-13.380915,-8.755642,2.8074417,4.918806,1.328424,7.70277,0.8996744,-5.6408815,-0.19849025,-9.037696,4.851288,0.9363723,-1.5899937,-1.7819608,2.249026,-7.2401476,1.0762234,-1.7628016,-4.97671,-0.7020858,2.9805183,-5.737499,2.1051438,-1.2151201,2.390711,-3.0630348,1.1908724,-2.5748703,-2.6108067,-3.4860992,2.794242,-3.328034,-0.28890327,0
-123.99092,100.66343,21.55038,12.405037,7.932421,4.3061786,-4.4871135,0.9500492,-3.3987415,-0.69014555,-9.176745,-5.552191,-10.211108,-4.288156,-6.898789,-3.3040946,-5.0624504,1.5751944,-2.1915119,1.9901643,-2.2563448,2.9968462,-0.15604538,5.1544666,2.1632202,7.1271734,3.0606947,5.300785,0.94843376,4.6312556,0.08752586,2.1671214,-2.2132478,1.3843215,-1.2166694,2.2998207,-1.1427064,2.108324,-1.4352262,1.8836511,0
-388.54117,87.18843,8.224595,13.512539,17.155622,3.402318,4.1895857,-1.6085031,4.2874384,0.25300762,-1.4749553,6.366878,-2.6372097,12.356395,-6.650092,-1.7548072,3.0300207,-0.52277184,1.0007445,-1.5555884,-3.5290208,0.6464154,1.2687379,1.8074551,-3.6680045,-1.3008186,-0.41195813,2.5208566,4.9864316,9.5140505,7.5616755,10.553704,4.492283,2.7269573,1.4302392,5.103497,4.7945294,3.6785288,5.038925,6.854293,0
-211.65205,28.375723,-37.199917,1.1256274,-9.494699,5.1229153,-3.0765545,6.9294333,-1.4476808,6.9915247,-2.039614,5.8734584,-2.405132,2.0386364,-1.109489,2.5979726,-1.7457408,2.6988962,-3.7146723,2.052952,-2.9060588,2.5080137,-2.0807004,1.0867673,-1.1532829,2.4042296,-1.3764876,2.0351517,-2.5430768,2.6761813,-2.9512725,1.2121428,-2.210054,1.3352075,-1.7553632,1.5261861,-1.2698896,1.6816831,-1.6120398,1.2423203,0
-390.0571,157.38289,68.4127,59.22418,21.187809,30.023605,8.718698,10.803387,3.227286,4.312884,1.0568706,3.7744925,0.9141788,-0.59440273,-7.396031,-1.5323422,-5.729003,-0.015660912,-2.0522113,1.3794348,-4.688126,-2.2875144,-4.4381175,-7.8361344,-5.3896155,-3.4836104,-5.1350226,-1.6751133,-0.1869421,1.5474812,3.2060478,5.4432836,1.3716888,0.15459415,-0.318555,-2.3116586,0.016523689,-0.8159508,-3.5924304,3.0358648,0
-38.070812,112.82709,-33.89487,5.429884,-16.409319,5.5270553,7.534048,14.442224,15.353516,5.6959205,2.4422371,6.5953884,7.856341,-5.2353053,8.604625,6.361355,-2.47863,1.777415,1.7524204,5.9731803,3.8141685,6.826914,-2.4774456,4.694904,0.85494083,8.977297,6.405069,3.439367,0.16729893,5.5994277,-2.4659662,2.4360442,2.002234,5.0349774,0.49300358,3.6180265,1.6088687,5.74667,2.599614,5.4115696,0
-344.5341,138.109,5.9409328,21.409758,19.611025,3.3654928,-0.082923725,1.713924,-8.149417,0.8603123,-2.0690238,-2.4168618,0.17012791,4.5221133,3.6413765,8.869719,2.5584087,-0.9605031,1.8616334,-1.3732263,-2.648188,4.493743,-3.9128957,-0.21696594,0.39881167,1.8932959,2.588321,4.986528,-4.972996,1.1759874,1.2430248,0.29736307,-0.66437757,-0.75045717,-3.1381385,0.41414475,-0.5968636,-0.75540096,-0.80640763,0.49903375,0
-222.00731,140.37314,29.064522,33.84913,34.86472,17.315363,0.26467574,3.0857956,2.5327194,10.248217,2.9830854,1.8033888,-5.267997,0.21422069,1.5117223,4.936872,-5.03786,0.818624,2.280216,3.6647494,-3.4036927,2.1535995,-1.9189537,0.319829,-2.2173798,1.2492403,-1.3990463,6.109846,1.742398,2.0325906,-0.77744025,2.4387686,-1.6509639,2.5842342,-0.99415916,0.92361885,-1.884204,2.5272796,-0.16510063,2.2493532,0
-124.057076,103.50709,20.775536,11.009373,6.098405,6.56438,-5.004019,1.7850859,-2.6414616,-0.3287218,-6.862923,-3.4965663,-7.1227283,-3.4756787,-6.0973654,-1.3986084,-4.6152883,-1.1354249,-3.8313582,0.5350551,-3.2112377,0.55084866,-3.1060915,2.375289,-0.8193526,4.263897,1.6339949,5.6527305,1.390674,5.193784,1.1961645,3.5645976,-0.42336214,2.2835424,-1.1206442,2.766451,-1.1001128,2.4915502,-0.9602307,1.9119341,0
-364.9955,107.07987,20.256691,41.448574,5.847965,14.419803,25.856432,27.765257,13.857685,13.532279,2.8067465,12.989311,9.819087,6.049186,6.341086,3.793612,1.5955994,1.609571,0.5244882,5.372026,3.5271108,4.6570272,-0.23633432,0.7482349,-0.79912513,4.7777796,7.538893,9.496261,5.6933246,3.1631482,-2.5646496,-2.5516248,-0.34341246,3.5295072,2.2913513,3.3341897,0.6425302,-0.96315396,-1.34796,3.6838355,0
-117.99188,106.59574,21.20015,9.379169,3.617049,5.8225164,-3.199835,3.1162257,-2.6965494,1.9968466,-4.8513207,-1.196555,-6.1246214,-0.8265279,-5.8473024,-2.584785,-5.3651214,-1.7585226,-4.889657,-1.0727828,-3.9647403,-0.7253887,-3.9807591,1.1906629,-1.3896194,3.5249965,1.638873,5.3279057,0.7063213,4.469112,-0.09190457,2.3272634,-1.1078794,2.8008907,0.46011987,3.6379652,-0.92154884,3.2784193,-0.15595104,2.3961825,0
-100.345665,166.4557,-47.55154,48.100758,2.1274495,3.4287248,21.984903,21.910387,-4.764923,8.534395,1.5371343,3.4426157,-0.498047,9.982284,-3.6376848,7.234269,-1.1046909,2.3140538,2.0704837,2.93269,-1.3478302,1.8766344,0.18740524,-4.9402204,2.8227036,0.8968391,-1.7284741,1.5509542,3.291773,1.170735,-5.284538,-0.26969475,3.7667859,1.6471179,-1.3473556,0.12867221,-2.1102335,-3.079719,-2.10011,3.62775,0
-314.4456,119.90975,-30.31405,35.75028,27.418676,-19.189545,1.6959103,-3.708626,-13.452761,-1.6883951,-14.308038,-1.0598485,-2.8793771,-7.7910743,-1.7021466,1.2077733,-4.8228054,3.6371865,-5.331273,-0.93742996,-2.4996233,2.2267175,-4.426648,4.1950765,-3.7432096,0.08180217,-4.878922,-0.9665294,-0.82399964,-5.160227,-3.2840798,-0.8061649,-4.4611664,-1.6629399,-2.0596836,-0.9911873,-5.23243,-0.54524004,-2.0143979,-0.7573453,0
-156.90411,144.64418,-46.332584,-12.8992195,-8.666827,6.02765,-5.017525,5.552944,-1.8385583,4.732537,-6.52149,-4.3008757,-8.603935,-2.9437566,-6.794291,-3.4108093,-6.0648565,-1.7387495,-6.904006,-1.6633952,-5.019287,-0.16383713,-4.769753,-1.1257874,-4.9965606,-0.7156882,-3.6631205,1.223369,-3.2849436,1.1733811,-2.7911367,0.46694458,-2.7452173,1.0447001,-2.5820663,0.4081829,-3.4376283,0.17006248,-3.7589877,-0.11026415,0
-190.98137,7.240444,-32.950314,-0.49873367,0.92067116,3.521322,-1.3663514,3.9413984,0.6447334,4.9945517,0.40752295,4.301574,-0.60467285,3.404756,-0.40379122,3.612647,-0.35309422,3.2462995,-1.6380643,3.2382603,-0.7764305,3.4551997,-0.48707032,3.4814007,-0.602204,3.139455,-0.06711951,3.629557,-0.732301,2.8673859,-0.56322235,2.6454172,-1.4000045,1.8818849,-1.7874513,1.5539714,-1.6939784,1.6208227,-1.5251261,1.5814959,0
-170.90123,170.24773,-26.268232,0.8853665,8.388328,12.9286585,4.1019993,14.555238,5.60706,8.003391,0.1264202,4.8308477,0.08577838,5.2841253,1.2791094,5.8508124,1.5507493,3.3390672,0.14346607,4.2543683,0.8282748,3.8461506,-0.64468765,3.1839068,-0.39835554,3.0948758,-0.5776668,2.3877578,-0.7382199,2.6347415,-1.321588,2.4148517,-1.4465861,1.0208093,-1.6287378,1.7931901,-1.6981131,1.6249918,-1.9155066,0.91264236,0
-331.55276,62.410072,-13.152856,25.128582,8.853851,0.5560913,6.889548,-3.9202952,1.5896893,0.6772961,-6.3556857,4.242649,-3.3363268,5.347061,-2.8098307,0.18977414,3.9520748,1.6622232,1.236645,3.369153,0.8520206,2.613552,6.807163,8.660565,6.958993,8.808622,8.8117485,5.19739,1.8026046,1.9574398,4.5334744,3.6549127,1.4615016,4.6055775,0.9926617,2.07257,0.08989927,0.04646935,-0.156834,-0.2444554,0
-194.94582,185.42282,25.415373,10.899431,1.6849648,12.8687315,-6.0109425,-9.877885,-10.903594,0.73013675,2.5009065,-0.8779777,-5.2602935,-2.1630433,-0.98232275,12.283526,7.7177706,6.2159057,-4.3363338,2.0139449,-1.8409913,-1.077809,-9.823129,-4.1918464,-2.5279758,0.446529,-5.032658,4.810896,3.1096907,0.21250111,-4.1579685,1.6434736,-4.14278,-2.3762088,-0.2581265,-1.2622812,-5.3104396,1.7984352,-2.548819,-0.81410205,0
-382.05618,136.20737,10.226726,58.924137,14.07228,16.643614,0.25022218,8.283171,2.558298,5.997064,5.412217,0.7059101,0.044316594,3.4064171,-5.618624,-4.4899807,-11.044083,-2.0075176,-3.3724658,0.2671606,-1.5494295,3.2615755,-2.6593928,-0.06736186,-3.689998,4.8741913,6.0754795,7.396686,-0.56486857,-1.2471625,-5.1335416,-4.007321,-7.5523252,-1.4234706,-4.7987347,-1.9562786,-7.5294986,-3.767773,-3.5919328,2.238679,0
-330.83075,78.51082,19.83226,34.00099,17.404797,4.3277063,-1.3281877,0.9574578,-0.02670247,-4.211301,-3.1820166,-0.9717338,-0.060469847,6.2896147,-0.7867709,-4.1201754,1.4775844,2.5867996,2.3424091,4.030167,2.5438693,4.3367066,0.72204536,2.6080709,-0.26685867,0.42961073,0.23496833,0.7489379,0.45458126,2.4447248,-1.2370678,4.6146803,4.1553383,8.952943,4.7620115,4.8457837,3.1958702,2.4387488,2.3828046,5.155942,0
-86.82861,177.47675,-42.47434,42.082035,-6.035885,0.7992822,15.331968,23.95266,-9.658501,4.2923717,4.933706,9.499068,1.7492915,8.213146,-2.7230072,3.515174,-4.8877907,4.280616,1.3891953,1.3502451,-1.4083182,1.6070487,-1.0087095,-3.9997592,-0.9492797,-0.36482042,-1.491817,-1.8676684,-1.503503,0.060511272,-1.8653098,0.86849564,0.4481195,1.0266286,-0.4604447,1.9536198,-1.1107125,0.86175424,-1.2685007,-0.7568195,0
-163.0318,169.58456,-15.266467,8.378026,7.295756,14.606783,0.5182645,13.853752,2.783373,0.41594595,-4.7762904,-0.16002686,-2.286415,2.2231057,-1.6753416,3.807871,-1.0551196,2.4194667,-1.7748728,2.5529408,-0.19790156,2.9914198,0.32408497,3.1952956,-0.59529126,3.7703264,-0.5294992,2.7234843,0.8370566,3.207481,-0.07773841,3.4537601,-0.979068,2.0963259,-2.0272908,1.8110858,-1.4748629,0.86754996,-2.371847,0.42716783,0
-126.30244,103.95682,21.22029,12.443498,7.5734296,6.434284,-1.8126252,2.6272414,-5.3688784,0.39870644,-5.09177,0.47425142,-4.3167,1.0712829,-5.0825357,-2.8802977,-5.093032,-1.90343,-5.1815805,-0.87882984,-4.1511984,-1.176077,-3.9925258,1.6925119,-1.8138597,2.832449,0.820713,4.0984373,0.0583019,3.8606272,-1.0643611,1.5819273,-1.536159,2.529808,-0.8198411,2.6144211,-0.57812667,2.5596344,0.20760539,2.7487888,0
-183.47588,9.987742,-30.447866,-0.052310582,1.2148019,3.6857605,-0.99836224,4.4259906,1.3279886,5.536264,0.9990155,4.700555,0.100585565,4.2427287,-0.03079644,3.7932343,0.13212535,3.2153494,-1.3388872,3.2031155,-0.6055391,2.9653394,-0.7518222,2.6117747,-1.7326791,2.0784354,-0.24810894,3.1030731,-0.5147081,2.1139958,-1.355823,1.6368867,-1.5534493,2.1767921,-1.6235572,0.77535045,-2.6928294,0.90775514,-1.6540902,1.8717555,0
-150.61705,92.430305,22.020985,9.040819,3.923886,8.99063,2.1685126,2.8461106,-8.34679,-2.0711725,-4.642584,0.5037385,-3.511826,-3.157972,-5.3570466,-1.4777696,-3.8113947,2.619984,-3.5704386,1.5219461,-2.4704044,1.8242235,-0.062411442,5.656646,3.3031616,7.841453,4.892837,7.585413,2.9751904,6.0341988,1.2775645,3.9949508,0.09277395,2.2016482,-1.4803667,2.69009,-1.4810077,2.310364,-0.7342565,2.0698454,0
-201.72917,11.9827385,-29.675632,2.078957,2.6146302,4.96984,0.10585307,5.413311,2.2286303,6.0366864,1.1186578,4.9074483,0.1971419,3.5363529,-0.79867357,3.9436724,-0.49956125,3.2754118,-0.7868355,3.4082491,-0.31920344,3.6974747,-0.6946002,3.2075195,-0.490163,3.1809545,-0.13370527,3.1378322,-0.8470797,2.893371,-0.64442176,2.8800762,-1.0019891,1.8842254,-0.8869658,2.3667765,-1.4679053,1.8589734,-0.6144536,2.5162146,0
-220.10114,131.23073,28.395472,78.2919,14.544519,23.645454,18.42302,9.15344,-3.6018507,6.003958,2.0695708,2.6373968,-0.5587428,2.357212,-3.2732458,-2.9340074,-4.2264495,-2.4088116,-5.553504,0.5047385,-0.8526177,2.3914304,0.49874434,3.1270666,-0.09263325,4.22356,1.090159,1.641686,0.057593364,4.152011,0.9832446,2.8082013,0.8493851,2.800186,0.18499681,2.1711812,-0.947156,0.8081801,-1.4871416,1.1408098,0
-86.86577,21.667654,-20.201736,10.817769,0.5329078,7.0527215,0.52588934,5.711949,0.5317082,7.2835093,0.113980904,4.3942876,-1.0599364,2.1480713,-1.439242,2.680372,-1.8141196,2.5381083,-1.6070724,2.9176726,-1.2958877,2.2636764,-0.9478887,2.8767607,-1.5698335,1.5366052,-2.1455257,1.3525096,-2.6456518,1.1278845,-2.1167247,1.0654677,-2.4937763,0.99295145,-2.5029309,0.8406558,-1.9696519,1.798255,-1.8870953,1.7867124,0
-329.46033,126.8752,-4.006933,53.148075,24.35614,-0.9808742,2.3275287,-15.804048,-5.4039545,4.0984797,-8.01855,2.5951185,7.965584,0.79085,-1.0633361,1.9724878,-4.01896,5.9612684,2.7227695,0.07470699,-2.6927722,1.1851207,-7.064805,3.9119604,-3.6946738,-5.784462,0.6610686,3.6069381,-2.261484,2.9502528,-0.18066992,1.4293787,-4.9269648,0.41531035,0.28678033,-1.4861857,-1.8315299,0.098598026,-3.7934613,0.5133917,0
-428.07245,105.87808,-37.14692,11.865592,-2.6662338,29.92684,25.089973,24.91892,-2.6598067,5.7158074,1.7480974,11.576337,-0.034291454,6.106239,-4.10661,8.181626,-0.19299778,6.8326163,-0.50648355,6.28323,-6.0063505,1.4557496,-1.5063986,2.5569155,-1.8131415,-0.7400387,-2.3633711,-1.2077324,-4.4989967,5.2791176,-0.9040749,2.7260067,-1.057469,1.2246004,-1.7363131,3.6513155,1.8978395,1.7226121,-4.9968014,0.97383696,0
-431.85583,166.19945,44.408955,9.488207,15.425185,20.18074,13.654541,1.0818948,-1.8751155,8.1352,-2.0347447,1.7703317,-0.8659191,2.3218038,-3.8278356,1.8944424,-1.8969111,2.9046366,-1.3605599,-0.36608914,-2.5537522,2.8977633,-3.8832302,1.2029493,-2.8521814,0.74796677,-3.6887732,0.91071236,-4.3153014,1.7016283,-1.2469047,1.0694026,-2.0759223,0.8786128,-1.5888747,-0.51353145,-0.90167844,-0.31878737,-0.2815079,-0.21333429,0
-162.45534,173.63358,-24.369339,6.534434,8.469721,10.678483,3.4296663,13.746734,0.45810524,3.901016,-4.6617126,1.5888914,-2.6313734,3.178011,-1.1941633,5.1928506,-0.5432085,2.8760092,-1.5926949,3.2649944,-0.65867776,3.851975,0.1993143,4.6386704,0.6055247,3.8415172,0.015953505,2.8756855,0.2746057,3.481194,-0.26786464,3.070191,-0.577113,1.1149988,-1.6624765,0.7822562,-2.4759107,0.6321686,-2.5120287,0.4039967,0
